username,first_name,last_name,email,password
tpottery0,Traver,Pottery,tpottery0@buzzfeed.com,iD0=Lv|lCGHg5Jq
kmanders1,Kendre,Manders,kmanders1@stanford.edu,"hW5,NGB!NSIG*'d}"
bwarricker2,Bette,Warricker,bwarricker2@independent.co.uk,lZ5~Xhx5T
bhurtado3,Burk,Hurtado,bhurtado3@comsenz.com,bD2{7Rp(~_Kx!b6Y
mlebel4,Marve,Lebel,mlebel4@digg.com,"oK2""\YUeka+"
smacallen5,Suzanna,MacAllen,smacallen5@nps.gov,cR4~6OVE
jhavile6,Janean,Havile,jhavile6@tumblr.com,xY2<M#mK7I
dcrutchley7,Daren,Crutchley,dcrutchley7@yale.edu,rH5_D{p3~F=
llaneham8,Lula,Laneham,llaneham8@tiny.cc,dP9|bW65p6f
sshurville9,Sawyer,Shurville,sshurville9@ucoz.com,zS7.$S\UW4A+9\
eansteya,Elvira,Anstey,eansteya@home.pl,mZ9%E'Of|hC&
cstilwellb,Chrissy,Stilwell,cstilwellb@eventbrite.com,dR0{tqZHbgD!(5@
ccozinsc,Charlean,Cozins,ccozinsc@purevolume.com,"sS5\3.u`JUU4""B"
mworgand,Mandie,Worgan,mworgand@mediafire.com,eL8`l$hwG'
bzammitte,Britteny,Zammitt,bzammitte@fda.gov,aQ2`(4E3'#jrM
atisunf,Abbie,Tisun,atisunf@statcounter.com,rK7_xe.j
acheeldg,Aldridge,Cheeld,acheeldg@bbb.org,cT7/Y?PI=SsvH>(r
ttollowh,Thomasa,Tollow,ttollowh@storify.com,zN0|L)&hFuaGT#
rmighelei,Renae,Mighele,rmighelei@naver.com,rV4}as/kLs5e/
ykryszkaj,Yvor,Kryszka,ykryszkaj@bandcamp.com,vO3?LtP+{4
kbowlingk,Kaylil,Bowling,kbowlingk@wufoo.com,"iO3|w)v.=,{7@y')"
blaugierl,Benedict,Laugier,blaugierl@myspace.com,zL1#$v)yS32
klanyonm,Kingston,Lanyon,klanyonm@sfgate.com,qW1&PPg`DlFM
lcaddien,Lorette,Caddie,lcaddien@etsy.com,"pZ0,i4BSw=""R"
acroneyo,Avery,Croney,acroneyo@github.io,gM0'tgDU
jhedinp,Jerald,Hedin,jhedinp@pinterest.com,rT4?89ssqKblj
mwhathamq,Marjy,Whatham,mwhathamq@github.io,"pE4/5Qeu,*zw"
eblagdonr,Edwin,Blagdon,eblagdonr@youku.com,aQ9&48x)K
btoolans,Basilius,Toolan,btoolans@blogspot.com,"aW3%<_R,%h&TfIsy"
mpurringtont,Menard,Purrington,mpurringtont@biglobe.ne.jp,kO6?<4iJ
gmcmeekanu,Gun,McMeekan,gmcmeekanu@istockphoto.com,iP5)ofGs
tdunsfordv,Tabby,Dunsford,tdunsfordv@nationalgeographic.com,tI2=/uClq
bkinneirw,Barty,Kinneir,bkinneirw@cmu.edu,"iR8.p,e@)~t"
ppayleyx,Pip,Payley,ppayleyx@fotki.com,"eU1\+5}rPb""a"
lmckendryy,Lenna,McKendry,lmckendryy@nydailynews.com,xC0\iu%Qt4pl
uaindriuz,Ursulina,Aindriu,uaindriuz@amazon.de,jN1}XhCh#Duf'4(
vhuyton10,Vidovic,Huyton,vhuyton10@tripod.com,vG5>}1=72#xU*Iz
mcritch11,Maegan,Critch,mcritch11@ezinearticles.com,lQ4<CDT_4f!m
jdarleston12,Janice,Darleston,jdarleston12@cornell.edu,eE8%Gullx\(R>
aezzell13,Allyson,Ezzell,aezzell13@huffingtonpost.com,"pI8""f4.7AxM(3nL"
tloveridge14,Tomi,Loveridge,tloveridge14@over-blog.com,iM2&_jY{f_
tcouve15,Tamar,Couve,tcouve15@themeforest.net,zO2~Vu\(|2
jbowater16,Johnath,Bowater,jbowater16@github.io,uF1!c#|=xqW
bnesfield17,Brietta,Nesfield,bnesfield17@moonfruit.com,iX3%Etm$f|(
gbobasch18,Guenna,Bobasch,gbobasch18@mtv.com,lZ4&`Tx!u\cCzy
ceadmeades19,Carolann,Eadmeades,ceadmeades19@miibeian.gov.cn,kN5$&bN7
blefranc1a,Blayne,Le Franc,blefranc1a@spotify.com,oC4\C$}eF30
ebarrowcliff1b,Eustace,Barrowcliff,ebarrowcliff1b@icq.com,wY6~m*uq7
bfranzetti1c,Brok,Franzetti,bfranzetti1c@hhs.gov,jQ4%mHG`8
krichie1d,Katey,Richie,krichie1d@slideshare.net,lY4}/myi=R'f}+
clilion1e,Christal,Lilion,clilion1e@mapquest.com,jA1~7`y9
lswancott1f,Launce,Swancott,lswancott1f@bizjournals.com,nI2`5t{JU0S
mdwire1g,Milzie,Dwire,mdwire1g@mit.edu,"fE6,Q70nd}R"
vshovell1h,Viviana,Shovell,vshovell1h@wunderground.com,tT5{Rq}i?J
cbuckberry1i,Cathleen,Buckberry,cbuckberry1i@google.com.br,kW2<4xZES&7
clinsey1j,Charmane,Linsey,clinsey1j@about.com,hZ0~8=a}
rbonds1k,Raine,Bonds,rbonds1k@ow.ly,jS6!uzDE5t0#ce
ltibbotts1l,Linda,Tibbotts,ltibbotts1l@tripadvisor.com,uH7{LDeuF>QQt
brettie1m,Benjamin,Rettie,brettie1m@senate.gov,oU0<`x/E
ckinton1n,Claudina,Kinton,ckinton1n@go.com,zL3.e+cP0#doBcf
lmyles1o,Liva,Myles,lmyles1o@ebay.co.uk,sZ8>jd8pB5
iabadam1p,Inga,Abadam,iabadam1p@xrea.com,mS5+S*uB!zt'F4R2
hconnochie1q,Hettie,Connochie,hconnochie1q@prweb.com,uN9.BF0NmA}dNA
scaswall1r,Silvester,Caswall,scaswall1r@cbc.ca,yV6{0BYUS@|D'3
dleemans1s,Darsey,Leemans,dleemans1s@addthis.com,xV9?bKVa)iE2'_
yniece1t,Yevette,Niece,yniece1t@youtu.be,yX5_P4Cip6akR
ggyrgorwicx1u,Goddard,Gyrgorwicx,ggyrgorwicx1u@ycombinator.com,kO0@PCi|+e=$.p
fpaolino1v,Filide,Paolino,fpaolino1v@t-online.de,dJ0?H#~WR
mhendrickx1w,Mil,Hendrickx,mhendrickx1w@netvibes.com,uK1=xLFbY(4?'0
wburgoin1x,Wiatt,Burgoin,wburgoin1x@people.com.cn,fN5|&m|D8c
cbriscam1y,Clio,Briscam,cbriscam1y@hao123.com,"cL8.BqH""zvt}GbP"
jbloomfield1z,Jobye,Bloomfield,jbloomfield1z@delicious.com,rI9_'RPx
jmonnelly20,Jemmie,Monnelly,jmonnelly20@chicagotribune.com,uS9.hVSZ
dgilder21,Dennis,Gilder,dgilder21@ocn.ne.jp,mX4'JDo/'~
tcabrera22,Tate,Cabrera,tcabrera22@chron.com,vY5}b0V|)s
pwhightman23,Pete,Whightman,pwhightman23@theguardian.com,aS5+k(Xi.#>iSaQM
gdenyukin24,Gwyneth,Denyukin,gdenyukin24@dailymotion.com,nD1<xD#G8s?4e%
sguillou25,Stevie,Guillou,sguillou25@cnn.com,lK0<@FL1NGH
jweyland26,Jerrie,Weyland,jweyland26@opera.com,yU4%>fBw
drayman27,Delora,Rayman,drayman27@pagesperso-orange.fr,"aV5/*5j,TXb|>"
jcaltera28,Josephine,Caltera,jcaltera28@google.ca,qF1#=<$NY
ltailour29,Laraine,Tailour,ltailour29@cdbaby.com,lD0)8sm.mRX0%Y
hager2a,Hagen,Ager,hager2a@baidu.com,"gL8\+@""Lt&yD#YaZ"
afrushard2b,Angel,Frushard,afrushard2b@addthis.com,"xO0#viI,}GvP<uz."
agabel2c,Alejandro,Gabel,agabel2c@miitbeian.gov.cn,gV8%WTP9h/|q?
rsherwyn2d,Radcliffe,Sherwyn,rsherwyn2d@icq.com,"tB7?O*uLM,"
ddelgardillo2e,Dalton,Delgardillo,ddelgardillo2e@nyu.edu,oA0_csVZ
tsellwood2f,Teena,Sellwood,tsellwood2f@meetup.com,kV2$}XeQ
bladel2g,Babbette,Ladel,bladel2g@feedburner.com,jI9/Jy)cw
gstirzaker2h,Gladys,Stirzaker,gstirzaker2h@ovh.net,xV9&@l55?f3Lr>'M
fbeatey2i,Farley,Beatey,fbeatey2i@epa.gov,sY2!rHf$'5T$'
jgossage2j,Joanie,Gossage,jgossage2j@sfgate.com,jZ5`1<s|?p\Bi$
ralelsandrowicz2k,Raven,Alelsandrowicz,ralelsandrowicz2k@xing.com,yR5)~uoC|@0+
lgoreisr2l,Lillian,Goreisr,lgoreisr2l@blogger.com,"cJ5@""U!Y7g"
tsussems2m,Tania,Sussems,tsussems2m@chronoengine.com,bW6!JWO+a=
kpickring2n,Keary,Pickring,kpickring2n@foxnews.com,wR7}77SDT
dallwright2o,Delores,Allwright,dallwright2o@yellowpages.com,mJ2@zkvr`S8T
fsprulls2p,Florence,Sprulls,fsprulls2p@weebly.com,"kF2""vqZyi|wc~g"
ytweedlie2q,Ynes,Tweedlie,ytweedlie2q@ifeng.com,"yJ4>j""x/7Mt?A{R+"
gomrod2r,Giustino,Omrod,gomrod2r@cbslocal.com,kJ6({M?Ixb\
ocaswall2s,Orsa,Caswall,ocaswall2s@free.fr,nE6>`_>X7.sy
dfreezer2t,Dorthea,Freezer,dfreezer2t@people.com.cn,oD6=CjqX)9
aaldersea2u,Allayne,Aldersea,aaldersea2u@ustream.tv,iC9*q9YB%}&/)kF
bphilot2v,Basilius,Philot,bphilot2v@woothemes.com,"xE6(ko_veQs""lxuZ"
aleeb2w,Allys,Leeb,aleeb2w@deliciousdays.com,lU9!B?!%
rasling2x,Robbi,Asling,rasling2x@list-manage.com,lJ0>=f+x+&X`?8
msinkings2y,Michael,Sinkings,msinkings2y@ezinearticles.com,"bN4&%CGK5pn""J}"
jthornewill2z,Jean,Thornewill,jthornewill2z@vk.com,"qR4!Kyy}*>p'$"""
rballintime30,Rebeka,Ballintime,rballintime30@free.fr,"qR5,!Ab+wl1o@6"
arutter31,Audrie,Rutter,arutter31@macromedia.com,qG6|Dg}h`*s}pI$6
fhurren32,Fanchette,Hurren,fhurren32@yahoo.co.jp,"sH2""EZXXHa<"
clongfoot33,Cora,Longfoot,clongfoot33@cdbaby.com,hG7$u!O.=MG
nslocomb34,Ninnetta,Slocomb,nslocomb34@wsj.com,oM1>XQ)NmTuv
dcoldicott35,Decca,Coldicott,dcoldicott35@dion.ne.jp,"uW6,X)/&,Jq>r"
cwordsworth36,Calla,Wordsworth,cwordsworth36@ucsd.edu,aH7?\!f\tcSu@qC
lgagen37,Lynna,Gagen,lgagen37@paginegialle.it,kY5`.pnW6ecL
ghonywill38,Gerhardine,Honywill,ghonywill38@zimbio.com,"sQ7<""n.+33>=v"
dsurmon39,Derry,Surmon,dsurmon39@tinypic.com,nM6*V56aa3}_s
kgallamore3a,Karine,Gallamore,kgallamore3a@123-reg.co.uk,lD5\Dz25Ic
jbetterton3b,Jo,Betterton,jbetterton3b@opensource.org,mD0!TsiTlPdf
gbosnell3c,Gladys,Bosnell,gbosnell3c@bloomberg.com,"rI5/WlOK7"""
elidstone3d,Emmey,Lidstone,elidstone3d@cdc.gov,eM1%C/R7Ztv
vgerish3e,Valentine,Gerish,vgerish3e@geocities.jp,vF8/ROsRO?.(rV
wmatijevic3f,Wynn,Matijevic,wmatijevic3f@hud.gov,eM0>TF\iwKrKvE
lcullabine3g,Lonni,Cullabine,lcullabine3g@discovery.com,aO3@GvI5oO)`+\DK
tdraisey3h,Terry,Draisey,tdraisey3h@cbslocal.com,cA9)Bnwx=
bdufore3i,Boycie,Dufore,bdufore3i@xinhuanet.com,qQ5$Q*@&O%19
ggrassett3j,Gerek,Grassett,ggrassett3j@tamu.edu,vS7|_b5BzO+C
ekillingsworth3k,Evelina,Killingsworth,ekillingsworth3k@ucsd.edu,pO3`Gi7tgV.
oroscam3l,Oates,Roscam,oroscam3l@nyu.edu,dH4+p)4q
egrishankov3m,Elyn,Grishankov,egrishankov3m@fda.gov,gB0&!.VU`BY%_
vboggs3n,Verena,Boggs,vboggs3n@cdc.gov,xG9@v7}+aH
asurfleet3o,Artemus,Surfleet,asurfleet3o@nyu.edu,pK5\jaM3
growberry3p,Guthry,Rowberry,growberry3p@github.io,oM8/DO2i
abroggini3q,Alex,Broggini,abroggini3q@marriott.com,"oS2,_9=kY(p"
lfelmingham3r,Laureen,Felmingham,lfelmingham3r@fema.gov,"cG0_WNC""8d0VJ`?"
phebblewaite3s,Pauly,Hebblewaite,phebblewaite3s@live.com,pS2\`u~px&AVoeY
kyarranton3t,Krispin,Yarranton,kyarranton3t@irs.gov,wA9`&'Rt>
cpool3u,Catherine,Pool,cpool3u@home.pl,bB7~Ta!JOe)vldHX
gcoulsen3v,Gabriell,Coulsen,gcoulsen3v@de.vu,vR6%HxwA$
asimoneau3w,Antone,Simoneau,asimoneau3w@squarespace.com,iJ6\YqcR_?4x~
aready3x,Alvie,Ready,aready3x@springer.com,xZ6'+f@b
mfleckness3y,Marylee,Fleckness,mfleckness3y@weibo.com,"gT4,5GMT@5G"
kmosdell3z,Katherine,Mosdell,kmosdell3z@timesonline.co.uk,nD9$I$t_1$/D/
gpendall40,Giovanna,Pendall,gpendall40@fc2.com,gE3#c9I9B3*wx
tbrunetti41,Theressa,Brunetti,tbrunetti41@purevolume.com,jZ5%7U?F'uNtUK(
hbillingsly42,Horace,Billingsly,hbillingsly42@dion.ne.jp,"iN8%U.D3hb?4,qE"
gharragin43,Gladi,Harragin,gharragin43@wired.com,pD3_SU}uUDf'qu)=
fprestney44,Findlay,Prestney,fprestney44@omniture.com,"pN8<""z@_ML'#zz>1"
htook45,Harlan,Took,htook45@github.io,pG1)g*v\@lhHj..h
eperfect46,Eula,Perfect,eperfect46@bloglines.com,"zN4"",R/#N$/U$7W3"
jcassy47,Junette,Cassy,jcassy47@meetup.com,fB8@gnF#$(X
scamies48,Seamus,Camies,scamies48@sourceforge.net,qV8(0Pp7(
gphizackarley49,Garold,Phizackarley,gphizackarley49@wordpress.com,gE9(bYojT
jvalente4a,Jenilee,Valente,jvalente4a@moonfruit.com,mN8~AzBMQosXS6{%
madney4b,Minny,Adney,madney4b@studiopress.com,vO9)K<z3RsW<i
dmcphelimey4c,Durante,McPhelimey,dmcphelimey4c@cam.ac.uk,nG9*VM|6.&@6w(UD
fgathercoal4d,Ford,Gathercoal,fgathercoal4d@exblog.jp,sK7@Kln|5k'_hRI
mbogey4e,Morrie,Bogey,mbogey4e@google.es,sB2({tOueK~O
aroutley4f,Aurilia,Routley,aroutley4f@biblegateway.com,nC5=GvTcrc_PGrcK
ksyres4g,Kelcey,Syres,ksyres4g@lulu.com,mR6~Q!jKQ+qbJ8cK
epandya4h,Ellery,Pandya,epandya4h@aol.com,"jF4<c""F#F%g~?"
gfavill4i,Garek,Favill,gfavill4i@yelp.com,vK6_V0c1Y8TG/+N
cvitler4j,Ceciley,Vitler,cvitler4j@nifty.com,"nA2""o""<K9`Uph"
tkremer4k,Thedric,Kremer,tkremer4k@home.pl,fC0+'(41s9~k
gord4l,Gideon,Ord,gord4l@scientificamerican.com,xG7&VJQhR4`/JW
mardley4m,Magdaia,Ardley,mardley4m@infoseek.co.jp,cQ5=UAW5
droddick4n,Dorree,Roddick,droddick4n@dyndns.org,lC9#IiqNfWR3`
acoffin4o,Ashley,Coffin,acoffin4o@vistaprint.com,kO4{*~1G/R
acurtayne4p,Aundrea,Curtayne,acurtayne4p@networksolutions.com,lF6$99a)9_{+
mguion4q,Margareta,Guion,mguion4q@behance.net,yU6*c/hT%Y
spimblott4r,Stepha,Pimblott,spimblott4r@bing.com,"uG7&|vZ.vc""0Y"
slovick4s,Silvester,Lovick,slovick4s@dyndns.org,fP3`}n{#
hroyl4t,Hillyer,Royl,hroyl4t@storify.com,fS2*XjWcYfU&+5J
llogsdail4u,Lizbeth,Logsdail,llogsdail4u@indiatimes.com,"rX9=9Vx0Xm24,fYF"
spilmore4v,Selinda,Pilmore,spilmore4v@ca.gov,mP3_.~b\
mnichol4w,Malinde,Nichol,mnichol4w@unicef.org,kN4_R'Q`3li
amorbey4x,Amos,Morbey,amorbey4x@paginegialle.it,"bE1|,TMYW"
cfernely4y,Caleb,Fernely,cfernely4y@wisc.edu,uC3)W~SB/A13
rchellingworth4z,Ray,Chellingworth,rchellingworth4z@addthis.com,kH6./`aeJ4(
amartygin50,Averil,Martygin,amartygin50@bing.com,hS1(1h.hi$WAZg?
mexrol51,Mollee,Exrol,mexrol51@mapy.cz,oA1'4a2T<L>Cm
snobriga52,Sasha,Nobriga,snobriga52@studiopress.com,bZ9*%itD5
rropking53,Roze,Ropking,rropking53@opensource.org,"bO6#""G`Y"
dferronet54,Dina,Ferronet,dferronet54@godaddy.com,wB7{pm'E0Kmux5=Z
wdrew55,Walt,Drew,wdrew55@twitter.com,vP2~K~w>|m
ewhitley56,Ellen,Whitley,ewhitley56@discovery.com,rT2<KljK!&
dgrinin57,Daniella,Grinin,dgrinin57@usnews.com,"sG1$/YU""K.y"
hdawidowitsch58,Harmonia,Dawidowitsch,hdawidowitsch58@delicious.com,wS6#rA/IlPS
soguz59,Sadie,Oguz,soguz59@vk.com,aY3(jOq?3X&
msalack5a,May,Salack,msalack5a@hubpages.com,zU0`|Tv`.h3a=
cbagniuk5b,Catlee,Bagniuk,cbagniuk5b@angelfire.com,pR0>V>1h8
etippler5c,Edeline,Tippler,etippler5c@chicagotribune.com,tE4#Mf#*HoH3rfDZ
itumbridge5d,Inger,Tumbridge,itumbridge5d@cnbc.com,yM6&19y0T
rkasbye5e,Rea,Kasbye,rkasbye5e@nps.gov,rK8`.gD`wC|
mkyneton5f,Minetta,Kyneton,mkyneton5f@shop-pro.jp,bJ9=41XE82J.*
tpardey5g,Theresita,Pardey,tpardey5g@mozilla.com,gI4*2@Gh=bRO6i
ehudspeth5h,Emera,Hudspeth,ehudspeth5h@huffingtonpost.com,aC1)POq0rMJ\K%
kphillcock5i,Kathlin,Phillcock,kphillcock5i@disqus.com,cV5.Zzx0
rpanichelli5j,Raynard,Panichelli,rpanichelli5j@baidu.com,xR4&T\fVS)8{2{`'
jnolin5k,Justine,Nolin,jnolin5k@noaa.gov,eA5?0bSW
asilkstone5l,Ameline,Silkstone,asilkstone5l@samsung.com,kR1+Hfz8C!
bollin5m,Bartholomeus,Ollin,bollin5m@npr.org,kX0&\ntAbX+mI
ssidgwick5n,Stesha,Sidgwick,ssidgwick5n@bloglines.com,"uX5~j""\R0"
bcastagno5o,Bess,Castagno,bcastagno5o@google.ru,"dP0?+8O""tKUC}~"
kwooller5p,Klaus,Wooller,kwooller5p@trellian.com,vN5~Ajxa
dnorthover5q,Dot,Northover,dnorthover5q@noaa.gov,kR9?bH(1fnDu
bdrysdale5r,Billi,Drysdale,bdrysdale5r@netscape.com,sI4/R~~=u<N(
jpurselowe5s,Johann,Purselowe,jpurselowe5s@multiply.com,pE1#Jt)1
ccammoile5t,Caryn,Cammoile,ccammoile5t@naver.com,"nA6,w/H.*E+?X"
hbangiard5u,Hewie,Bangiard,hbangiard5u@vimeo.com,aE5&o0?\SNk~n#>e
hcoombe5v,Hazlett,Coombe,hcoombe5v@hugedomains.com,"qL0&q,g\aHIwe#Qe"
kburrass5w,Katleen,Burrass,kburrass5w@ovh.net,zU3\EL{Qo
lgull5x,Lynett,Gull,lgull5x@engadget.com,sK3$e5%yL_.8
klangfat5y,Kari,Langfat,klangfat5y@jalbum.net,vM8`ejdna&?#b!$
ecorss5z,Ester,Corss,ecorss5z@cisco.com,sI4*NUtcci/ES
lducarme60,Lane,ducarme,lducarme60@icio.us,mZ6{F&~s6d
kscripps61,Keri,Scripps,kscripps61@independent.co.uk,oG6@1(5+vNr/\/
abarth62,Amalea,Barth,abarth62@un.org,qA4+gUNG4w2W
gsides63,Guntar,Sides,gsides63@ow.ly,"nS5_KaJ,M"
eboow64,Elke,Boow,eboow64@oracle.com,rY8)iU(}fj`
klennarde65,Kathlin,Lennarde,klennarde65@gmpg.org,"gD4'JC4""GZ"
agrayham66,Arron,Grayham,agrayham66@xing.com,hM1..C{m
achapelle67,Allene,Chapelle,achapelle67@goo.ne.jp,iT1&h?Q%IHz)i*(a
jsmedmore68,Jeanne,Smedmore,jsmedmore68@timesonline.co.uk,wF9*s@VwkCHFgTBh
vsandeson69,Vivyanne,Sandeson,vsandeson69@bizjournals.com,xU2+u2YZ981Q
apahler6a,Audra,Pahler,apahler6a@geocities.com,"yY4||g9=T+,C*cm"
opettett6b,Ondrea,Pettett,opettett6b@businessweek.com,aJ5|xd&Ra!
adallan6c,Ajay,Dallan,adallan6c@twitter.com,nU0+6`DKHr\|kBx
cderkes6d,Cristie,Derkes,cderkes6d@mit.edu,eK1$<WsLM@~
aallain6e,Ardys,Allain,aallain6e@economist.com,nW4}lDVrzOj6R2
eshead6f,Edsel,Shead,eshead6f@gnu.org,kI2'FbCJT3m
nstearns6g,Nevile,Stearns,nstearns6g@de.vu,cG1|f|k|u6&KOlk
crangle6h,Cori,Rangle,crangle6h@salon.com,oG9_Eed)Nm
hbaroche6i,Hill,Baroche,hbaroche6i@utexas.edu,qC4|){aTwb!eP#u
jshoreman6j,Joletta,Shoreman,jshoreman6j@slate.com,qM1#kqiK@`3h\>
mbrewins6k,Mala,Brewins,mbrewins6k@tinyurl.com,rO9!g5!PaMTLl%
echastney6l,Elihu,Chastney,echastney6l@yolasite.com,"aL9+8""r_EA"
cgalland6m,Christiana,Galland,cgalland6m@forbes.com,bQ2`?>bj|\J%r**
cpagan6n,Cassandra,Pagan,cpagan6n@dion.ne.jp,"kU3,QY%>UUiR"
iwight6o,Ivett,Wight,iwight6o@deliciousdays.com,"eV2,*8QbnF"
sbaccup6p,Sophey,Baccup,sbaccup6p@comcast.net,rN4&'W+V%E*
mnoen6q,Mal,Noen,mnoen6q@answers.com,tU7_&*irsBG
ccumpton6r,Car,Cumpton,ccumpton6r@deviantart.com,jG0*DU>D
pkiddie6s,Peg,Kiddie,pkiddie6s@scientificamerican.com,lI9\aL0T6T!
dhabeshaw6t,Dannye,Habeshaw,dhabeshaw6t@utexas.edu,aT8)Cos2r
smcgarahan6u,Samson,McGarahan,smcgarahan6u@feedburner.com,jT2*2PiJ
ayanov6v,Ana,Yanov,ayanov6v@mayoclinic.com,eU6%#N@mO
hmcgennis6w,Helene,McGennis,hmcgennis6w@pcworld.com,zK5`_n3a%<F8
arosterne6x,Arley,Rosterne,arosterne6x@howstuffworks.com,dC5!l*ZLc3R
eeliassen6y,Essie,Eliassen,eeliassen6y@amazon.de,kB1~>h@ut
jdennant6z,Jacquie,Dennant,jdennant6z@geocities.jp,dB6%=TA{#6
gmerfin70,Grata,Merfin,gmerfin70@adobe.com,vU6=DE8.
gjarrel71,Gan,Jarrel,gjarrel71@unesco.org,vW5)a%(HrBY
rthurlbourne72,Raynard,Thurlbourne,rthurlbourne72@furl.net,bM8`I*Q6X
dfurzey73,Derrik,Furzey,dfurzey73@mit.edu,iQ0}CL/C`\h$
ekoopman74,Edee,Koopman,ekoopman74@miibeian.gov.cn,"bA3=9x0cq8""gk6a"
gclouter75,Giorgia,Clouter,gclouter75@homestead.com,hV6#Xwxf*Hpz\b>U
cstieger76,Charley,Stieger,cstieger76@npr.org,rS4(=uR2gP2bq
jkubat77,Jillane,Kubat,jkubat77@freewebs.com,"tI0+?""R7YYbu"
fpiaggia78,Flory,Piaggia,fpiaggia78@myspace.com,bZ9@@O@er72
malastair79,Milena,Alastair,malastair79@vimeo.com,"wC3>5,_4DD)o"
kfellibrand7a,Kendra,Fellibrand,kfellibrand7a@cpanel.net,lS5#KOz=Lk?\~
lpischof7b,Ladonna,Pischof,lpischof7b@sina.com.cn,rW1+Ls'MxPVv
nbutts7c,Nickolai,Butts,nbutts7c@friendfeed.com,dC9#F*~9(K
rrowden7d,Roderick,Rowden,rrowden7d@wsj.com,kG5#L0L}D?J7
bbernadzki7e,Bianka,Bernadzki,bbernadzki7e@networkadvertising.org,oR6)CRsZ0tcy+1
gkilbourne7f,Gizela,Kilbourne,gkilbourne7f@amazonaws.com,"sD3""2*3wx/#eW"
operree7g,Osmond,Perree,operree7g@arizona.edu,tP1{qYNU
ugoldie7h,Ursuline,Goldie,ugoldie7h@alexa.com,nV0&pR57
aorpen7i,Aeriela,Orpen,aorpen7i@craigslist.org,pK8.*rIc9b@E)F
plohde7j,Peggie,Lohde,plohde7j@canalblog.com,nR0>I@EeMZg~h
aivel7k,Allyn,Ivel,aivel7k@elegantthemes.com,eP7%\ZLIJH~vepG
mfranssen7l,Monty,Franssen,mfranssen7l@cpanel.net,kY5\l}zDGf>5*
mmacloughlin7m,Melvyn,MacLoughlin,mmacloughlin7m@microsoft.com,hH8+42+qp
dfryman7n,Domenic,Fryman,dfryman7n@ocn.ne.jp,"tK9+d(X""x~F}.JK"
mseggie7o,Mareah,Seggie,mseggie7o@zimbio.com,"xG2$X<Sve~K}g""3%"
mcostan7p,Madelyn,Costan,mcostan7p@feedburner.com,"bB4+{}0bk""."
sbool7q,Stefan,Bool,sbool7q@domainmarket.com,oX6'%5B7ZY`B
abielfeldt7r,Adriana,Bielfeldt,abielfeldt7r@prlog.org,kM9/8HTBZ+~.xT8
geverington7s,Gaspard,Everington,geverington7s@ameblo.jp,zP3/Q)z{e0cw
hsacaze7t,Hillary,Sacaze,hsacaze7t@samsung.com,yU7*9*gWjLUE
agriffitt7u,Abba,Griffitt,agriffitt7u@google.com.br,nU9$Dcvy8XR8g01
udawks7v,Ursulina,Dawks,udawks7v@wikipedia.org,mU6{5H\6G/%2j
kguy7w,Kit,Guy,kguy7w@answers.com,nV9/ZtWp#|s
ggrumble7x,Guthry,Grumble,ggrumble7x@yolasite.com,aM3<z3a)`j+0{RD
bspellsworth7y,Bink,Spellsworth,bspellsworth7y@linkedin.com,zG9*>qqJc
kballaam7z,Kaye,Ballaam,kballaam7z@cmu.edu,fB6\|U/tK=1&pSF
jlodemann80,Jimmy,Lodemann,jlodemann80@paypal.com,nS9<Li7/
amee81,Alyosha,Mee,amee81@odnoklassniki.ru,uT9_Q'f2_4_
senderson82,Scarlet,Enderson,senderson82@ibm.com,wA8@f4H_|k(_Sj%
lcaves83,Lynde,Caves,lcaves83@cbslocal.com,"vE4\,E<&3sE&"
gperree84,Galven,Perree,gperree84@intel.com,uS0/)1+f%5W
ctownby85,Cassi,Townby,ctownby85@studiopress.com,"tD3""jxyf2c?Lw"
tmuddle86,Tommi,Muddle,tmuddle86@harvard.edu,"tE0=4c%f}p,t"
jmobley87,Justen,Mobley,jmobley87@ted.com,uD7`0hz@4N
ehundal88,Elysia,Hundal,ehundal88@nih.gov,"oP1""2o.S_"
hquiddinton89,Hannis,Quiddinton,hquiddinton89@statcounter.com,"hZ6""%tU0}ku7eRc5"
songin8a,Starlin,Ongin,songin8a@1688.com,uQ9'mLyV$rvy
atomes8b,Amalea,Tomes,atomes8b@house.gov,zA9\QvnG
sbunclark8c,Scotti,Bunclark,sbunclark8c@ebay.co.uk,vX4_$nbVrBIo
cwisham8d,Carlynn,Wisham,cwisham8d@forbes.com,oV6@%..30
cinstock8e,Cynthie,Instock,cinstock8e@booking.com,bX6(sxF&V{<\woF~
asummons8f,Arvin,Summons,asummons8f@arstechnica.com,"zI8}y8g@Q,6F<lb@"
crosoman8g,Candida,Rosoman,crosoman8g@yellowpages.com,hV8%lk.7@?
growett8h,Gwenette,Rowett,growett8h@yahoo.co.jp,"nV6\OHy,$(c"
vhirsch8i,Von,Hirsch,vhirsch8i@cargocollective.com,qF9>@juNIZ>UF
msperwell8j,Marthe,Sperwell,msperwell8j@wunderground.com,"vZ7\aTUjZ""6I=2"
dgissop8k,Dana,Gissop,dgissop8k@paginegialle.it,lD0`VO'pbKdk
jjahncke8l,Jack,Jahncke,jjahncke8l@twitter.com,nF1!U|{mdSR_p\\U
gbenedicte8m,Genvieve,Benedicte,gbenedicte8m@apple.com,lY4?+PHtlGQn'w
rfilippyev8n,Rikki,Filippyev,rfilippyev8n@indiegogo.com,gS3%!rzY$
ctesto8o,Caty,Testo,ctesto8o@cdbaby.com,yX9#kv8J=rH
ckempster8p,Clarance,Kempster,ckempster8p@home.pl,"fH5_)h.!\2""wUG"
adaltrey8q,Allyn,Daltrey,adaltrey8q@devhub.com,nI5`mi9NN
whallgough8r,Warner,Hall-Gough,whallgough8r@nbcnews.com,gZ4#od#GK@yI$
ugenicke8s,Urbano,Genicke,ugenicke8s@digg.com,vS4%Lj_C$PYoCuo
jlightollers8t,Jeromy,Lightollers,jlightollers8t@go.com,mU4/k\&`M
rdavidman8u,Rea,Davidman,rdavidman8u@chron.com,bJ9.Y|+p0C
fcastana8v,Floris,Castana,fcastana8v@blogspot.com,mE5(d(725N.wJ
rrodolphe8w,Rodney,Rodolphe,rrodolphe8w@spotify.com,bF1'AbyLc)Te`
lmegahey8x,Lynn,Megahey,lmegahey8x@creativecommons.org,gF6!c1zl+Ye&qB9=
dfreiberg8y,Dallis,Freiberg,dfreiberg8y@fc2.com,xO4&WTH$MA
oelwin8z,Orin,Elwin,oelwin8z@weather.com,sZ3*$)v|+
bpashan90,Bethena,Pashan,bpashan90@com.com,lA4*`J()D@D{?Ra
ecolmer91,Enrique,Colmer,ecolmer91@moonfruit.com,rL4{wxIL|UGoF
jcorday92,Janka,Corday,jcorday92@sun.com,cN3?FJwSZ0.M?T.
nattewell93,Noreen,Attewell,nattewell93@yandex.ru,tB4(HnzxILy
bgorring94,Bar,Gorring,bgorring94@indiegogo.com,eA2=(hDUbG2
cgiovanizio95,Cathleen,Giovanizio,cgiovanizio95@salon.com,sS1{5Ea$o02j
jvolette96,Jennifer,Volette,jvolette96@ca.gov,"sY3(""n{*"
aderington97,Aurelea,Derington,aderington97@yolasite.com,dH9'I34K95V
jheinert98,Jeremiah,Heinert,jheinert98@blogs.com,kV6_q0EP
ddracey99,Drona,Dracey,ddracey99@craigslist.org,tA9=sgiOw.DhAuR*
jnutt9a,Jamison,Nutt,jnutt9a@paypal.com,yY3{3hU5
givey9b,Gordon,Ivey,givey9b@dedecms.com,"lO4$~m""bQ/"
vcummins9c,Vergil,Cummins,vcummins9c@auda.org.au,fA5)T6J_Q4PyJ
rgudger9d,Robbie,Gudger,rgudger9d@example.com,tZ4(vTQ&
esurpliss9e,Else,Surpliss,esurpliss9e@example.com,dT8*3paT
hkennion9f,Hermann,Kennion,hkennion9f@toplist.cz,tZ0\kfQr~y$$\pgl
abrockett9g,Abigale,Brockett,abrockett9g@quantcast.com,jV3%r!\QC3|j
gkleinmintz9h,Gregg,Kleinmintz,gkleinmintz9h@comcast.net,uF7#>k3C6s
cfinlater9i,Carla,Finlater,cfinlater9i@behance.net,nF7`Gz=dgmL\}
kgaitone9j,Krisha,Gaitone,kgaitone9j@addtoany.com,sV7'>_`.p0a
gjoiner9k,Giffy,Joiner,gjoiner9k@spotify.com,nA1=bw4iWArTg)>O
bleach9l,Bertine,Leach,bleach9l@cornell.edu,xD4*.qjdSHDr|
falwood9m,Flory,Alwood,falwood9m@about.com,kT6!h\h8H%5GnF\g
udegiorgis9n,Ulrika,De Giorgis,udegiorgis9n@skype.com,tW9'BRpkEDel#xQt
cinman9o,Claudio,Inman,cinman9o@yahoo.co.jp,"cF1!S,(}t&"
jdunridge9p,Jyoti,Dunridge,jdunridge9p@youtube.com,"xE2)?u&""e}1D>@!"
rbuterton9q,Ripley,Buterton,rbuterton9q@soundcloud.com,"qW9<Irp""R"
dmcanalley9r,Delmer,McAnalley,dmcanalley9r@buzzfeed.com,iM7{OR7gl
svennard9s,Shena,Vennard,svennard9s@bizjournals.com,"mF0\U66ExO!Y,D<"
kgreatrakes9t,Killian,Greatrakes,kgreatrakes9t@independent.co.uk,eM6'=4Dgg
aleedal9u,Ardenia,Leedal,aleedal9u@mediafire.com,vJ1(c3iKS}`>xJql
jguerrier9v,Jecho,Guerrier,jguerrier9v@about.com,xW0`%b~I*g~2
mcaig9w,Milena,Caig,mcaig9w@dagondesign.com,uK3=WRS8Yf$
mmowat9x,Myrah,Mowat,mmowat9x@shop-pro.jp,pV6&v.x/urOs+\v
dmarrill9y,Dulcia,Marrill,dmarrill9y@usatoday.com,"mR6'/6,'yh~AH"
fsetterfield9z,Fleming,Setterfield,fsetterfield9z@mediafire.com,kG1_6FD}/*?2vZW
npaya0,Noam,Pay,npaya0@opensource.org,mL9'eM065vNZ
jclemmetta1,Jacynth,Clemmett,jclemmetta1@earthlink.net,"fY3>""g/)HDPO$tL"
xwathana2,Ximenes,Wathan,xwathana2@princeton.edu,gE9+\!yN(rEGz~V
jgregsona3,Joanna,Gregson,jgregsona3@symantec.com,"aF1,7n9d"
lszanthoa4,Lamont,Szantho,lszanthoa4@e-recht24.de,fP7}/TnK6
dklewera5,Diane,Klewer,dklewera5@jigsy.com,"aA9{9mV""uS{gpUQ"
mvatinia6,Moira,Vatini,mvatinia6@t-online.de,fW5{Sy5C
rmarstona7,Rosemonde,Marston,rmarstona7@patch.com,yY7>!P9z4j9'`*v
sspraggsa8,Shina,Spraggs,sspraggsa8@sina.com.cn,jH6~+A!wjd4.{
jkermannesa9,Jacobo,Kermannes,jkermannesa9@blogger.com,hQ0{QN}hT
lruusaaa,Levey,Ruusa,lruusaaa@blog.com,gK3&Af|PQ
kdaburnab,Kissiah,Daburn,kdaburnab@amazon.de,"wK0(fuo/S5)4qP""B"
wjearumac,Winnie,Jearum,wjearumac@squarespace.com,bF1$0nl#roCwh}
bconkeyad,Bale,Conkey,bconkeyad@usgs.gov,"aN2,jw|Jsuy*c"
dalexsandrovae,Daryn,Alexsandrov,dalexsandrovae@craigslist.org,cQ8(zXK{G.|P#
mmcvittieaf,Malissa,McVittie,mmcvittieaf@globo.com,sP5_<1#b
ofacchiniag,Odessa,Facchini,ofacchiniag@accuweather.com,jJ5)S`_f@rPhkH
prosenscheinah,Pegeen,Rosenschein,prosenscheinah@flickr.com,"kE8?,x.h{aE"
fhathwayai,Fayre,Hathway,fhathwayai@mozilla.org,vP6~4@3@~4+x'
mpeeleaj,Meagan,Peele,mpeeleaj@virginia.edu,eY0_>X8U
cbourthouloumeak,Charo,Bourthouloume,cbourthouloumeak@pinterest.com,yQ8#?a2+CHdG
rcummineal,Rennie,Cummine,rcummineal@cornell.edu,oP6?T<OjT
aedmondsam,Ashleigh,Edmonds,aedmondsam@narod.ru,aY1|6vOJ
rblazewiczan,Ruth,Blazewicz,rblazewiczan@bloglines.com,dA6|0M16\4
macuttao,Mike,Acutt,macuttao@nbcnews.com,oW2$qL>7IAhd%V
zleydenap,Zonnya,Leyden,zleydenap@dot.gov,fY2`nnALduT
nquaifeaq,Nerita,Quaife,nquaifeaq@merriam-webster.com,gO1>laU@#.TYFB
ihundellar,Isidor,Hundell,ihundellar@shop-pro.jp,lA8&mAUdm'
lbonessas,Lesley,Boness,lbonessas@arstechnica.com,pQ4%Xl+q
ejaquinat,Elga,Jaquin,ejaquinat@hubpages.com,bC3<?Mfy
fscollardau,Franny,Scollard,fscollardau@mashable.com,"qI6\#Wq""jY0D"
nleyninyeav,Norrie,Leyninye,nleyninyeav@wisc.edu,"yX4,H9wP"
lsucheaw,Lazarus,Suche,lsucheaw@reuters.com,vD5|VV@NBIL?
seilhersenax,Shana,Eilhersen,seilhersenax@virginia.edu,gY7`Tu=8GSZ/__z
muccelliay,Martha,Uccelli,muccelliay@washingtonpost.com,gA7*X'5WSN
jgillbeyaz,Jeremiah,Gillbey,jgillbeyaz@chronoengine.com,"vC6""2{'#|X2"
gschimonb0,Grier,Schimon,gschimonb0@quantcast.com,hS0<_Iygk}
mraesideb1,Marjie,Raeside,mraesideb1@mtv.com,tX2*pDj<2k
rlerwillb2,Rosetta,Lerwill,rlerwillb2@desdev.cn,cR1#(z8h/gm
baleswellb3,Breanne,Aleswell,baleswellb3@blinklist.com,"jF4,r6KeFo"
brobjantb4,Broddy,Robjant,brobjantb4@last.fm,rM8#EG&`6
enuttonb5,Eberhard,Nutton,enuttonb5@fastcompany.com,rR0&{RLy#=
etompkinsonb6,Elias,Tompkinson,etompkinsonb6@jugem.jp,gI1=PaS.8
kwillcotb7,Krissie,Willcot,kwillcotb7@utexas.edu,"tT7=r`U{oI`k""@"
rhallbordb8,Royal,Hallbord,rhallbordb8@unesco.org,wQ1'3//8lsD7UB
mwestgateb9,Melli,Westgate,mwestgateb9@vk.com,"vP5,rvbVN8zq0ad)"
dluckcuckba,Devora,Luckcuck,dluckcuckba@eventbrite.com,lM2)79}7d_2
tspinibb,Teresa,Spini,tspinibb@nasa.gov,zT5_h2&{bO
mstellmanbc,Marice,Stellman,mstellmanbc@si.edu,vT2`/(itRk`g
edockwraybd,Erwin,Dockwray,edockwraybd@usnews.com,"yC7,\?DDbd{y"
ecleebe,Ethyl,Clee,ecleebe@tiny.cc,iO5<Dij)v2nYf
warrbf,Willow,Arr,warrbf@java.com,uN7</@T+pv
gcristoforobg,Griz,Cristoforo,gcristoforobg@indiatimes.com,sN8'vClT
tpolkinhornbh,Therese,Polkinhorn,tpolkinhornbh@bizjournals.com,tK7$QYlJjXmKh$W
dbrenstuhlbi,Darby,Brenstuhl,dbrenstuhlbi@4shared.com,pE2}.{5oXk
nluipoldbj,Nehemiah,Luipold,nluipoldbj@examiner.com,pG7~{{59Vx
tterranbk,Tyson,Terran,tterranbk@thetimes.co.uk,"gA1""N1Gjmed"
mjochenbl,Margaux,Jochen,mjochenbl@smh.com.au,yM3?ZO~hlp2nS/.(
ehewlingsbm,Ellyn,Hewlings,ehewlingsbm@homestead.com,tV4@D0Z*`
dvassaybn,Darrell,Vassay,dvassaybn@elegantthemes.com,kM2~xb8/zK**H
rgerrelsbo,Rosalie,Gerrels,rgerrelsbo@huffingtonpost.com,vS1'sSC!58V7@f/G
htaillardbp,Hilly,Taillard,htaillardbp@studiopress.com,qQ8+xIw<WiiNQa8
cbaggarleybq,Carmita,Baggarley,cbaggarleybq@liveinternet.ru,nN4#o07?g
tstrondbr,Terrance,Strond,tstrondbr@delicious.com,"rY5#<O0{>@0,#Lp"
larchbouldbs,Lyda,Archbould,larchbouldbs@buzzfeed.com,vU9/RqUvU1yA<.Gu
jswatmanbt,Joanne,Swatman,jswatmanbt@acquirethisname.com,"pL8_p9fzvc?}"""
pvedenichevbu,Padraic,Vedenichev,pvedenichevbu@diigo.com,lF4%qG*y8
jpetofibv,Jewell,Petofi,jpetofibv@ezinearticles.com,gE6%kNH_TP
ablasonibw,Andreas,Blasoni,ablasonibw@fema.gov,sI8@{!BtS~/udD'=
bbeesleybx,Bel,Beesley,bbeesleybx@wunderground.com,pT6)%TgBn51+ok'm
afaudrieby,Aksel,Faudrie,afaudrieby@printfriendly.com,wG1}xC&@
hkikbz,Homerus,Kik,hkikbz@tuttocitta.it,eO1=GC)|'{_gBsCk
pconrec0,Patty,Conre,pconrec0@biglobe.ne.jp,lF7|k?z/
ajeanc1,Anya,Jean,ajeanc1@netvibes.com,lX2(xliX>T(<
dbasnallc2,Dionis,Basnall,dbasnallc2@nifty.com,cO7/is`f&
ibollardc3,Ida,Bollard,ibollardc3@disqus.com,sF7=0Gd|Lfi
gelwync4,Gerta,Elwyn,gelwync4@cbc.ca,dL8?~qNjAo|P=
omorinc5,Orin,Morin,omorinc5@desdev.cn,pR9'wYZ|I`|wkn
mromaync6,Mendy,Romayn,mromaync6@people.com.cn,eW8#4Mbne9|G/
lmccreeryc7,Laurie,McCreery,lmccreeryc7@google.co.jp,"lG1(#l"""">*"
tsugdenc8,Thatch,Sugden,tsugdenc8@berkeley.edu,"bC5`K""bo`RA?6T1"""
jjachtymc9,Julia,Jachtym,jjachtymc9@cafepress.com,yS1}W<pz<C{4\u<
lsnawdonca,Letty,Snawdon,lsnawdonca@deliciousdays.com,eG4<@Ws8Pjna.So<
ncausoncb,Noni,Causon,ncausoncb@wikia.com,"rE8}ylIS3,"
bashmorecc,Briny,Ashmore,bashmorecc@altervista.org,kT3{K6tcamQVl?A
bprettymancd,Benni,Prettyman,bprettymancd@sfgate.com,mH7`#f&8Kzz
lgladdingce,Lindsey,Gladding,lgladdingce@spiegel.de,xB0/g3Q1J>F/9.
lmathiascf,Larine,Mathias,lmathiascf@yahoo.co.jp,iA6$iPs+~>PvMx
hlillfordcg,Hattie,Lillford,hlillfordcg@istockphoto.com,cE8{JNBb
tjouhningch,Tabitha,Jouhning,tjouhningch@sina.com.cn,rG5)lgl#|l
rhatcliffeci,Ramsey,Hatcliffe,rhatcliffeci@seattletimes.com,uJ0.S|rPz
wpimlottcj,Waylin,Pimlott,wpimlottcj@gmpg.org,fL9=sw)#
glyttleck,Griselda,Lyttle,glyttleck@indiatimes.com,mR2<`KQC<X\
apettifordcl,Adel,Pettiford,apettifordcl@csmonitor.com,"pH6$c,x,@"
mmasdoncm,Marney,Masdon,mmasdoncm@pcworld.com,hT9%Zd|3u#5P
gcoulingcn,Gwenneth,Couling,gcoulingcn@vk.com,"cR4**BbuwA""4v79h"
gfarronco,Gabbie,Farron,gfarronco@livejournal.com,eG8/9`<V
plapsliecp,Pen,Lapslie,plapsliecp@cyberchimps.com,nM0{!=?xjbn0e}
vmateocq,Van,Mateo,vmateocq@edublogs.org,yZ9`kRF)Jx
mgreendalecr,Mufi,Greendale,mgreendalecr@abc.net.au,oT5*v|ru)S.<d
hcouvecs,Hunter,Couve,hcouvecs@mtv.com,tL8}B~HYUaRAV\z8
cmouserct,Christiana,Mouser,cmouserct@godaddy.com,nI3@A%UXRlAYno&
asedmancu,Adaline,Sedman,asedmancu@indiatimes.com,wZ0!<oaGS)qcL|
mhelietcv,Myer,Heliet,mhelietcv@jugem.jp,jI3+a#2KRwU
jpeachcw,Jonie,Peach,jpeachcw@barnesandnoble.com,"xC3+i""D+S"
selsipcx,Sigismund,Elsip,selsipcx@pcworld.com,"hB0+~$""L'{"
gstidworthycy,Gabie,Stidworthy,gstidworthycy@skype.com,"cY8""S1c)E.`"
fpearsecz,Ferrell,Pearse,fpearsecz@engadget.com,oV9?tl2D/Xqgsr
edenningtond0,Emera,Dennington,edenningtond0@buzzfeed.com,aH6$cQxvRo+Z
cthebesd1,Casey,Thebes,cthebesd1@fda.gov,dE6|GQKkSsd2msr
ocanniffed2,Olenka,Canniffe,ocanniffed2@house.gov,"gJ7*4<e|%,"
elyverd3,Erv,Lyver,elyverd3@i2i.jp,tW9`A3?pB
ldanelsd4,Lucilia,Danels,ldanelsd4@prlog.org,"gN5@<yK#Z<3b,"">"
asesond5,Antonetta,Seson,asesond5@flickr.com,uI2~EFX=%If<d
kszachd6,Kylen,Szach,kszachd6@cbc.ca,zS3`Wj)@\{Y
hdrydaled7,Harvey,Drydale,hdrydaled7@php.net,gQ6>>Uk.Z
dsymsond8,Dion,Symson,dsymsond8@networksolutions.com,rH3!Qc4(OyY
bsexceyd9,Betta,Sexcey,bsexceyd9@com.com,pX8|np0X_F0J
tfrillda,Trev,Frill,tfrillda@telegraph.co.uk,xY0+_!a?c?A
clesliedb,Clo,Leslie,clesliedb@chronoengine.com,qO7=OJw$d
dworsalldc,Drugi,Worsall,dworsalldc@e-recht24.de,zF0)MUW%
sdunsterdd,Skipp,Dunster,sdunsterdd@yahoo.com,"aK1""zKM6&{CJ"
nbenechde,Norby,Benech,nbenechde@netvibes.com,hZ8#7<h0Z|
csprydf,Costanza,Spry,csprydf@wiley.com,"rI8@Fh,>V"
aworsleydg,Alexandro,Worsley,aworsleydg@opera.com,mK7>IGFYiH
aherchedh,Audra,Herche,aherchedh@yellowbook.com,"lN6/""<S!No"
bmallebonedi,Borden,Mallebone,bmallebonedi@amazon.com,"cW3`u""xlk7lAh*Mh"
drichemonddj,Deedee,Richemond,drichemonddj@discovery.com,hB4_D%kD'>ySufj
bmountlowdk,Brit,Mountlow,bmountlowdk@pen.io,yE6~'h0<H
fcockrelldl,Fons,Cockrell,fcockrelldl@artisteer.com,pK9|\UfBxs
amayoraldm,Anson,Mayoral,amayoraldm@jugem.jp,"gG2)lY,6G.{k>"
akitteringhamdn,Alanson,Kitteringham,akitteringhamdn@economist.com,"aT5\s~?V}41{""#"
mdoylydo,Mabelle,D'Oyly,mdoylydo@wix.com,yF0'7e4.U=
nduggandp,Nessa,Duggan,nduggandp@bandcamp.com,tU9`.TmX
meverlydq,Miriam,Everly,meverlydq@yolasite.com,aO7&jo)2F
tshawelldr,Thorvald,Shawell,tshawelldr@hugedomains.com,eI7><1%x#/pN_8
vmainds,Vin,Main,vmainds@amazon.com,zE3`1J$<JnNp1
jquarringtondt,Jamesy,Quarrington,jquarringtondt@cnbc.com,vH5\Lh7X=%r
rlangtrydu,Rodolph,Langtry,rlangtrydu@ca.gov,sH2++z=s
gdalgetydv,Gratia,Dalgety,gdalgetydv@sina.com.cn,zT4$K9Y%W<&W3r
jperellidw,Jesus,Perelli,jperellidw@usa.gov,fQ7.r`om'5(`>
nmacpaikedx,Nicoline,MacPaike,nmacpaikedx@list-manage.com,wY0*VWS97
etroueldy,Ephrem,Trouel,etroueldy@4shared.com,uN5<HbJ8E'f
apitrassodz,Anatola,Pitrasso,apitrassodz@gov.uk,hC4=>gN<
wbendine0,Whitman,Bendin,wbendine0@gov.uk,tQ4\hwH5XTJ%$}!|
amcveye1,Aline,McVey,amcveye1@blog.com,sY1+LTlaBM+hM
dkeemse2,Domini,Keems,dkeemse2@prlog.org,eX9$bI_G5!8z
kfortye3,Klarika,Forty,kfortye3@gizmodo.com,eB0~p5V2J9
vstrottone4,Vinnie,Strotton,vstrottone4@sogou.com,wS4}fh3f~_?a
hwaplese5,Hermione,Waples,hwaplese5@guardian.co.uk,"bQ8%EDw|,COFK>"
psandyfirthe6,Pammy,Sandyfirth,psandyfirthe6@prnewswire.com,kY5|WhhxY
hjeromsone7,Haleigh,Jeromson,hjeromsone7@state.tx.us,cG3$w?%zvdk(
favanne8,Franky,Avann,favanne8@seesaa.net,"sY9+SvD7&kZn'Wa,"
phumpherstone9,Paton,Humpherston,phumpherstone9@comcast.net,iP7!QB~3
atrusteyea,Antoinette,Trustey,atrusteyea@nature.com,tA6+f8>Tu|
rodriscolleb,Ruprecht,O' Driscoll,rodriscolleb@youtu.be,bT9|pMTZA1<Ll
mbubeerec,Mose,Bubeer,mbubeerec@harvard.edu,dI3@UBy}
spawfooted,Simonette,Pawfoot,spawfooted@github.io,eY0@?CEt?IW+Nx
gfarrimondee,Godfrey,Farrimond,gfarrimondee@dropbox.com,wN6|qLtLpm#J
ccattermoleef,Cal,Cattermole,ccattermoleef@mayoclinic.com,nD1}L_hBsfl`
jmorstoneg,Janene,Morston,jmorstoneg@fastcompany.com,qW9?1)hUjNd)gx
fcaneroeh,Felita,Canero,fcaneroeh@people.com.cn,nI2/K|R5
gmacshaneei,Gualterio,MacShane,gmacshaneei@intel.com,"vT1?+""prCU"
kguillartej,Keene,Guillart,kguillartej@statcounter.com,fV2@'%DF_v.LL*
aocurriganek,Aline,O'Currigan,aocurriganek@ning.com,"dZ5$TAY1w"",7.T"
atowlerel,Ardella,Towler,atowlerel@mit.edu,oH4=<vIo
hallattem,Hugues,Allatt,hallattem@livejournal.com,aZ5/ihMu6
mballarden,Myrah,Ballard,mballarden@quantcast.com,rD3&5tqF`x%kr1u
jbaxilleo,Joanie,Baxill,jbaxilleo@dailymotion.com,wW4?~hk&zN
nmcgookinep,Nanete,McGookin,nmcgookinep@abc.net.au,nE5!s5Cx4@I1WYn
tbungeyeq,Tome,Bungey,tbungeyeq@ihg.com,"sA3,rG\K6b,_Qj"
bvickarmaner,Barnabas,Vickarman,bvickarmaner@list-manage.com,qR9\X*bQ*>89#l
aellissenes,Angelina,Ellissen,aellissenes@amazonaws.com,aH5~mN%6}(d0
kgoudieet,Katerine,Goudie,kgoudieet@globo.com,xW9.F|saxAF<
mrebbeckeu,Morley,Rebbeck,mrebbeckeu@netlog.com,gO3!cxq8y
gdransfieldev,Gabbi,Dransfield,gdransfieldev@princeton.edu,"tH2""7yo`|n?"
thousleyew,Teodorico,Housley,thousleyew@cpanel.net,lC4!a3>E
athwaiteex,Alva,Thwaite,athwaiteex@tuttocitta.it,sF5)OMp$s\8/
rdresseley,Robbi,Dressel,rdresseley@miibeian.gov.cn,eL2)'4YmQ%w
spickersgillez,Sampson,Pickersgill,spickersgillez@mail.ru,uE7/bfwI
bphilof0,Birk,Philo,bphilof0@sohu.com,hK3*k=0!n$&h
msheplandf1,Miran,Shepland,msheplandf1@chronoengine.com,aJ7<cX}lo
gmalpassf2,Giacinta,Malpass,gmalpassf2@aboutads.info,"kB5},E(""\T"
astanettf3,Alix,Stanett,astanettf3@smh.com.au,pO2%j_wv3?
bculpf4,Bale,Culp,bculpf4@thetimes.co.uk,"dB2""p'e*"
gmcgluef5,Gaylene,McGlue,gmcgluef5@census.gov,lA2$RYjN?
jguyverf6,Jodie,Guyver,jguyverf6@engadget.com,jU0<?/3a<`SXp+1
dgatesmanf7,Danny,Gatesman,dgatesmanf7@sbwire.com,"pT5+5k,R~=JEV>"
tcroneenf8,Tildi,Croneen,tcroneenf8@barnesandnoble.com,qB1`19'Nn
lcowlasf9,Luisa,Cowlas,lcowlasf9@webmd.com,"pC5>C8?YC<""0?TT"
llillywhitefa,Leroy,Lillywhite,llillywhitefa@weebly.com,gR9)WV_v|a`NKI.
jtripefb,Jozef,Tripe,jtripefb@upenn.edu,iG3%hr&2
pgheeraertfc,Pearce,Gheeraert,pgheeraertfc@lycos.com,rI9>u0.sZ
rwingatefd,Raimund,Wingate,rwingatefd@myspace.com,rA0?'g&HjE&6+_
wlisciardellife,Wilone,Lisciardelli,wlisciardellife@google.fr,oM2(MNL<DGhb5
csuattff,Ced,Suatt,csuattff@liveinternet.ru,kU4~{SOTxtJ=M
pbernardinofg,Petunia,Bernardino,pbernardinofg@surveymonkey.com,pO6~)pm~#RfH7
mpeytofh,Morley,Peyto,mpeytofh@parallels.com,yH2#w}4rK&@E35)D
awaymanfi,Antonio,Wayman,awaymanfi@archive.org,sU9~2I/+
rdentonfj,Ruby,Denton,rdentonfj@sogou.com,jJ9}MZrI4}Hp}G
dfirmagerfk,Dory,Firmager,dfirmagerfk@ft.com,tO3%pCr6I
jbrobeckfl,Jdavie,Brobeck,jbrobeckfl@ibm.com,nO9#HVL*%Oe{9a
rcasafm,Roxanne,Casa,rcasafm@ameblo.jp,dX3<KSM<zc2@
ahailefn,Alma,Haile,ahailefn@mlb.com,hG8`W9i_yXvG
mgerhardtfo,Merrielle,Gerhardt,mgerhardtfo@patch.com,"fQ4>o*F,'P\$n.u_"
ppaleyfp,Porter,Paley,ppaleyfp@domainmarket.com,aH9+mQ`\ubZ7
mprettyjohnfq,Marietta,Prettyjohn,mprettyjohnfq@home.pl,oY6\WFH04@}D)
tskeletonfr,Trey,Skeleton,tskeletonfr@bloglovin.com,mE1$tU6`?1A1K
shaeslierfs,Saudra,Haeslier,shaeslierfs@redcross.org,jT4!z).9$!yHI(
dnittift,Davida,Nitti,dnittift@geocities.jp,"oK0""FLZTZEGZTJ"
rrillstonefu,Rolph,Rillstone,rrillstonefu@bigcartel.com,iS4_!roMac1
mmunceyfv,Maiga,Muncey,mmunceyfv@nytimes.com,lV7&!b&lA=2
tofinanfw,Thornton,O' Finan,tofinanfw@pcworld.com,fX7#fwxom>X>!Z|
kcheccifx,Kathye,Checci,kcheccifx@patch.com,pL5{12Vah
sgiacomofy,Sydney,Giacomo,sgiacomofy@wikimedia.org,"fQ2#14,NS&S3kN"
dtollfreefz,Daryl,Tollfree,dtollfreefz@hud.gov,iF1}v`ngnX9b}Kh
ntantong0,Nedi,Tanton,ntantong0@opensource.org,cW4!m}#eGe
lrobersg1,Larine,Robers,lrobersg1@github.io,jX9<E!'9
cikringillg2,Chev,Ikringill,cikringillg2@exblog.jp,"tM0*@=0JU,MGMk"
ajarding3,Andrew,Jardin,ajarding3@360.cn,zL4|!FqkB1
hgreenrodg4,Hynda,Greenrod,hgreenrodg4@typepad.com,gB2<73\>2
gvaladezg5,Gare,Valadez,gvaladezg5@google.pl,tT8+w({/\28x
tcarrigang6,Thalia,Carrigan,tcarrigang6@hexun.com,hM2_S/xq
hkondratowiczg7,Helen,Kondratowicz,hkondratowiczg7@seesaa.net,pA9~=nEjMhEj~84m
hwastellg8,Henryetta,Wastell,hwastellg8@unc.edu,kN8@(7(ap
pbusseg9,Paddie,Busse,pbusseg9@nih.gov,"gV7,l>{F(}J`,t0"
hkrysztofowiczga,Hilarius,Krysztofowicz,hkrysztofowiczga@tinyurl.com,cS2*u!Sh}NsP6%
mpolfergb,Martino,Polfer,mpolfergb@ask.com,"lU9""Z%XG)=AlZbn"
fjollissgc,Florina,Jolliss,fjollissgc@hao123.com,qY0#rQW4+Hz
adaviogd,Alyss,Davio,adaviogd@icq.com,bB2(@nIIY>
cstrelitzerge,Christel,Strelitzer,cstrelitzerge@walmart.com,tC6_L&WZguu
lrosenbaumgf,Leonardo,Rosenbaum,lrosenbaumgf@wordpress.com,cQ4}_kA`.d|cZ
hchatfieldgg,Henrik,Chatfield,hchatfieldgg@cpanel.net,"qK0(qLc)F,/"
kdawdarygh,Kirstin,Dawdary,kdawdarygh@cnn.com,pD6{~nV0#h`
hbendixgi,Harriott,Bendix,hbendixgi@prlog.org,bX3~RRCx{
sstoddartgj,Sunny,Stoddart,sstoddartgj@gizmodo.com,"bS3,=V1P{J~u8"
mpurselowegk,Mozes,Purselowe,mpurselowegk@163.com,fQ4*?OS8OG
cdategl,Casper,Date,cdategl@hibu.com,dV6\w}S/XY
bhaxbiegm,Britta,Haxbie,bhaxbiegm@1688.com,oL6(ZH)hC9pe@gYA
ckirkegn,Colet,Kirke,ckirkegn@friendfeed.com,"eW8>=KTmjPojW,%#"
bmaungo,Berkie,Maun,bmaungo@ow.ly,hU0@YL!Wxt$Xl|wn
hmalenfantgp,Hallsy,Malenfant,hmalenfantgp@admin.ch,"cV7?""`l4\NbKl'"
awillmontgq,Ansley,Willmont,awillmontgq@ask.com,aC8\!v$T<_Z1
palcidegr,Paulette,Alcide,palcidegr@pinterest.com,iV0#ew()6l{X4
srishmangs,Shepard,Rishman,srishmangs@bbb.org,wZ8<|uecra$
bheiglgt,Bern,Heigl,bheiglgt@chron.com,uS0.r5IHxav
wmacveighgu,Webster,Macveigh,wmacveighgu@wufoo.com,eE6'2!T1&
dmordingv,Dominick,Mordin,dmordingv@psu.edu,"gA8'*$cObuM(4,"
eflecknoegw,Emalee,Flecknoe,eflecknoegw@skype.com,oA0+2CDh@\cM4
hdrewrygx,Happy,Drewry,hdrewrygx@china.com.cn,pX0&gBwp?Jq|N!
cwiggamgy,Chase,Wiggam,cwiggamgy@nifty.com,xJ3=hvZ5D0
mpleygz,Mindy,Pley,mpleygz@chronoengine.com,vQ7`NEkt9qFJJ
colliveh0,Clarissa,Ollive,colliveh0@xrea.com,"kZ9""B6yJ9"
bmckirdyh1,Brittni,McKirdy,bmckirdyh1@cyberchimps.com,sT9`7f>z
mtindleh2,Miran,Tindle,mtindleh2@i2i.jp,lB0(%9xg*Y2iR/A
gboynesh3,Geordie,Boynes,gboynesh3@ca.gov,"xO8,%X?/&"
ncaplinh4,Nissie,Caplin,ncaplinh4@berkeley.edu,gA6>SQBZPiCVyit
wlivingstoneh5,Westbrook,Livingstone,wlivingstoneh5@dmoz.org,nU5)j31fm(8f
msinncockh6,Marian,Sinncock,msinncockh6@biblegateway.com,sV2>n>ramjd6Jafp
bgronallerh7,Boyd,Gronaller,bgronallerh7@java.com,pP9!#o\(I#A6eVr
fklambth8,Ferd,Klambt,fklambth8@house.gov,"uU1>kOk,7&6"
droebuckh9,Daffi,Roebuck,droebuckh9@usatoday.com,tH0)`Se53*H
jmaffeyha,Jolee,Maffey,jmaffeyha@simplemachines.org,iE3|A0cE
espinigehb,Emogene,Spinige,espinigehb@reference.com,cP1'*MwpIRF7q\
rheddenhc,Renie,Hedden,rheddenhc@desdev.cn,aS1!SOHV
rstoneyhd,Reuben,Stoney,rstoneyhd@hc360.com,pZ9#v2CjkQ@1NX%
sfannonhe,Sauncho,Fannon,sfannonhe@utexas.edu,dO6~JLm&/|+cK|5`
mladbrookehf,Malvina,Ladbrooke,mladbrookehf@taobao.com,qU3@lVo?5(iN|F*
tlittlemorehg,Tara,Littlemore,tlittlemorehg@redcross.org,"yO7,1*pHd~V"
bwintlehh,Barret,Wintle,bwintlehh@studiopress.com,yG0`dsu9O40>1Rr
jtomekhi,Juliet,Tomek,jtomekhi@4shared.com,kT5}`(S?U
ksternhj,Kacie,Stern,ksternhj@newsvine.com,rI3&+'AzY7&2yzq(
gneathk,Gerri,Neat,gneathk@1und1.de,fE7'O71w
gedgerleyhl,Glenden,Edgerley,gedgerleyhl@shinystat.com,pR2/>Q<?
elarkinghm,Eustace,Larking,elarkinghm@360.cn,zL3+h?KvW
hchmarnyhn,Harwilll,Chmarny,hchmarnyhn@qq.com,uW4)pB~_
ascotchfordho,Amalle,Scotchford,ascotchfordho@odnoklassniki.ru,dB0$#{Lv4Rv*
mflintuffhp,Merell,Flintuff,mflintuffhp@imgur.com,"eZ6?n""&O""y~6/bf"
tlongthornehq,Tabbie,Longthorne,tlongthornehq@mit.edu,"hM4(o"")PV2!I'"
mstenbridgehr,Minny,Stenbridge,mstenbridgehr@skype.com,vR4@(V>pM
mdimnagehs,Mylo,Dimnage,mdimnagehs@cnbc.com,gX4.zp\pb(\73
ahatherellht,Ambrosius,Hatherell,ahatherellht@ycombinator.com,wT7_lv?RZ8AF*
agorwoodhu,Aeriel,Gorwood,agorwoodhu@reference.com,nX9%zbt(.@v
wsauntonhv,Woodman,Saunton,wsauntonhv@paypal.com,aU1>mUzD`tWrm7
tskeemerhw,Tanner,Skeemer,tskeemerhw@123-reg.co.uk,"kL7%O8h'G3Q""6l"
estonhamhx,Emmery,Stonham,estonhamhx@cnet.com,dD5>hqnr6
gbillinghamhy,Gilly,Billingham,gbillinghamhy@dmoz.org,"rH3(gZ(~tVY#_f"""
cduesterhz,Conn,Duester,cduesterhz@nba.com,nA2)r_)b~iY0>O
eolneyi0,Eleni,Olney,eolneyi0@google.com.br,sD5{{_Qo'
ltruesdalei1,Lockwood,Truesdale,ltruesdalei1@virginia.edu,vC0<M<b(YtO
gpriestmani2,Goldy,Priestman,gpriestmani2@exblog.jp,bI3<5vVuO=
awroei3,Aida,Wroe,awroei3@wired.com,zI0|=/4sOO/jo3R
qwinsomei4,Quintina,Winsome,qwinsomei4@huffingtonpost.com,"rO8,aO6&"
mkerswilli5,Melicent,Kerswill,mkerswilli5@who.int,"eX6+'cE|,"
ebunneri6,Emory,Bunner,ebunneri6@usatoday.com,yG8&gC'}MmOwBir
nscotsbrooki7,Norrie,Scotsbrook,nscotsbrooki7@prnewswire.com,xM2#w!BZ(5
dmckailei8,Dyana,McKaile,dmckailei8@umn.edu,iG0_w+u+&c
dferrarioi9,Dougie,Ferrario,dferrarioi9@sbwire.com,zG6*GPjSG
ddoullia,Denney,Doull,ddoullia@yandex.ru,vC7#jJ&BCG
hswindellsib,Harrie,Swindells,hswindellsib@mashable.com,jY4/>y%p_'1`O
ccluleeic,Calypso,Clulee,ccluleeic@earthlink.net,rG3{CU*prjI\k$
fabsalomid,Florinda,Absalom,fabsalomid@i2i.jp,hM2\5y_>&pf25xkf
tbabonie,Terza,Babon,tbabonie@redcross.org,bN1(L/r&v+D
mwimlettif,Margarette,Wimlett,mwimlettif@digg.com,"aL4_L~""_7?~{IEig"
hgerardetig,Hernando,Gerardet,hgerardetig@blogspot.com,pN9\'\TK
cmchughih,Cassius,McHugh,cmchughih@apache.org,"hE6,O!6F"
edavidsohnii,Earl,Davidsohn,edavidsohnii@comsenz.com,eL3%mR}qWlnlA
smanueliij,Skyler,Manueli,smanueliij@engadget.com,"kL3""""ec>$3=wP7"
tbalineik,Thornie,Baline,tbalineik@webs.com,cV8~p7u~C
sseakingil,Sallyann,Seaking,sseakingil@umich.edu,oL6{p&S7
nhaldenbyim,Nev,Haldenby,nhaldenbyim@qq.com,nY5)iL2y|`2
mgreenin,Melita,Green,mgreenin@dion.ne.jp,gN9'/Bm{c
awakemanio,Andriette,Wakeman,awakemanio@reddit.com,oW4&s%g*au
kcolbertip,Kearney,Colbert,kcolbertip@sina.com.cn,"bF0+""tP%ZfS"
hgrewiq,Hansiain,Grew,hgrewiq@marketwatch.com,"yB7.z%6HRL.H{,?"
tfaberir,Thaine,Faber,tfaberir@cnbc.com,cM2%\)<\S
avescois,Anderson,Vesco,avescois@wikimedia.org,nL9?.3~mxzSv
tdensunit,Taddeusz,Densun,tdensunit@bigcartel.com,"cG4,xUbtb'+=Y8&"
caimeriu,Cate,Aimer,caimeriu@meetup.com,fQ7?vWRIkD#Au'
jbodyiv,Jemimah,Body,jbodyiv@bloglovin.com,"vL6`H1<g`,BNX"
gverbruggeiw,Gilda,Verbrugge,gverbruggeiw@amazon.co.jp,lC0.X{(!m&k
scoombsix,Sergei,Coombs,scoombsix@hatena.ne.jp,nO9&HyQ*
nlasseniy,Ninetta,Lassen,nlasseniy@mediafire.com,"rP5?qfG""wU>m"
tyellowleyiz,Tailor,Yellowley,tyellowleyiz@abc.net.au,"vR1%s8""yRg"
nburnhamsj0,Nanice,Burnhams,nburnhamsj0@sogou.com,uN8!G%~HDh9
bvandenoordj1,Bartholomeo,Van den Oord,bvandenoordj1@weebly.com,fZ9#u7Q$hw%BK
acavillej2,Anette,Caville,acavillej2@ft.com,uQ4=\93bg
cballsj3,Claybourne,Balls,cballsj3@ibm.com,rR7!Br=?)*m
jmatyasj4,Jobi,Matyas,jmatyasj4@tripod.com,vF1?!'wU
ryurikovj5,Rudiger,Yurikov,ryurikovj5@aol.com,pX0~@?O.0
lmcveightyj6,Lorita,McVeighty,lmcveightyj6@europa.eu,rJ8.J$?7C\&|Z/PU
nfuzzensj7,Nikaniki,Fuzzens,nfuzzensj7@squarespace.com,vJ1=4_{%Gg|
hizhakovj8,Hettie,Izhakov,hizhakovj8@reverbnation.com,lQ9!J&2BkI@
temmj9,Thain,Emm,temmj9@upenn.edu,yT1+A6QQc5w5S0FA
dduggonja,Dennis,Duggon,dduggonja@shop-pro.jp,"vI3#T,oy<)"
mchatwoodjb,Mindy,Chatwood,mchatwoodjb@arstechnica.com,"jH6+*GpO}HWY""."
ameadleyjc,Artemus,Meadley,ameadleyjc@hhs.gov,"bJ4){>O@2,"
dcallacherjd,Daveen,Callacher,dcallacherjd@apple.com,"fX5<lYVP7,q7W5(N"
mcerieje,Millard,Cerie,mcerieje@ehow.com,nM9\d$#H\L_|3@F?
cbaultjf,Cahra,Bault,cbaultjf@unblog.fr,lS3*'YH'I}@L+
hcrolljg,Homerus,Croll,hcrolljg@abc.net.au,"zR3~uau""s"
carrjh,Clementina,Arr,carrjh@macromedia.com,"gU7""""KUmP<"
mbernardosji,Maible,Bernardos,mbernardosji@google.de,wN4`)mW<TKt@!j
hbeatjj,Harriette,Beat,hbeatjj@hostgator.com,"yU1*42ueBq""+en"
awiganjk,Anett,Wigan,awiganjk@oakley.com,vF6|%#kU5g'++3D
borumjl,Bertie,Orum,borumjl@newsvine.com,rW0*dk%>v
fcarseyjm,Fayre,Carsey,fcarseyjm@nifty.com,eW0%vam9W9
mshoebrookjn,Mei,Shoebrook,mshoebrookjn@sohu.com,"vG5{.f,CaW&Yv"
kemsonjo,Kamillah,Emson,kemsonjo@chronoengine.com,sN6\wdgs).H6ez<
dwildishjp,Dania,Wildish,dwildishjp@hibu.com,kO7(k\L7.(y
rmaughanjq,Rita,Maughan,rmaughanjq@gov.uk,lV7&Ggu5unlB
ksickertjr,Kelsey,Sickert,ksickertjr@home.pl,"hD3,q$uWVDi"
hideljs,Henriette,Idel,hideljs@smugmug.com,"dD5#ic2Dp6n,m`s"
phaynesjt,Phyllida,Haynes,phaynesjt@desdev.cn,fD1+0`H4=
rshillingju,Ricky,Shilling,rshillingju@house.gov,"nI0}>,1T3ag<Ykm"
lridgersjv,Larissa,Ridgers,lridgersjv@bluehost.com,oN8!1(#U@m5l
vtaplinjw,Valina,Taplin,vtaplinjw@shop-pro.jp,mQ6&ALeki
escawenjx,Elwood,Scawen,escawenjx@sbwire.com,tB3.VG$2
lbroxtonjy,Leoine,Broxton,lbroxtonjy@vistaprint.com,lP2(z+1?jsQ
kklarzynskijz,Kale,Klarzynski,kklarzynskijz@deviantart.com,"jL3"">&.dS"
jlawillek0,Jefferson,La Wille,jlawillek0@toplist.cz,gB2\}L!gB
ebourgeoisk1,Eddy,Bourgeois,ebourgeoisk1@ameblo.jp,mU4+<&_hWhOlmS8
shubbocksk2,Starla,Hubbocks,shubbocksk2@telegraph.co.uk,aZ4?5H(1*W
cbysakerk3,Codie,Bysaker,cbysakerk3@craigslist.org,iB2$bjFD
dmcmenamyk4,Deeann,McMenamy,dmcmenamyk4@irs.gov,tR4/&$!+
lperrinsk5,Lory,Perrins,lperrinsk5@jimdo.com,"hG9/mfY""+"
kmaccraek6,Kristina,Maccrae,kmaccraek6@fastcompany.com,kU4%r+dLCdMh
jhammerk7,Jack,Hammer,jhammerk7@ca.gov,uP9~Af0j
isiemianowiczk8,Ingeborg,Siemianowicz,isiemianowiczk8@paginegialle.it,cA1*cQc6Vw#z5j@
rbucklank9,Ree,Bucklan,rbucklank9@linkedin.com,kZ5>E+bBKa{wFSG
mstockauka,Maren,Stockau,mstockauka@csmonitor.com,gH9'KbsvRuCB1
smursellkb,Sven,Mursell,smursellkb@facebook.com,pT4}q1%N?x58
lpomroykc,Luci,Pomroy,lpomroykc@virginia.edu,aW6@460WudV
aedmeadkd,Alphonse,Edmead,aedmeadkd@rakuten.co.jp,xY2$i{A@
dbathoeke,Deeanne,Bathoe,dbathoeke@soundcloud.com,"zV1@,9i1}7N{?0G_"
abernardkf,Albertine,Bernard,abernardkf@statcounter.com,sJ6>~hsr#*1@@X`I
dspaduccikg,Darda,Spaducci,dspaduccikg@examiner.com,"wC5`S""66""Z<H&HY"
mwomackkh,Morgana,Womack,mwomackkh@eepurl.com,cX8<~$Z85
bmedlingki,Bernete,Medling,bmedlingki@fastcompany.com,"hW5<.MBt""FlL\A"
jstanesbykj,Juliet,Stanesby,jstanesbykj@t-online.de,"yR0""}u(MPe9("
ltordoffkk,Lucie,Tordoff,ltordoffkk@geocities.jp,gJ5{s0gi
asoppkl,Arlie,Sopp,asoppkl@uiuc.edu,dG2#nt#}~
tiacovideskm,Thedrick,Iacovides,tiacovideskm@indiegogo.com,"sL0,_@GG"
agippeskn,Alisha,Gippes,agippeskn@europa.eu,fC6!k<}D*
mjarryko,Maurice,Jarry,mjarryko@indiegogo.com,nW4\}WOh)c
lnickollskp,Lane,Nickolls,lnickollskp@apple.com,"aT0{xg,'8ezo{i"
ewaterhowsekq,Esmaria,Waterhowse,ewaterhowsekq@va.gov,cX8({&kG4hW%52)o
aisaqkr,Annamaria,Isaq,aisaqkr@seattletimes.com,gP2`U06!=81te
ymaxsteadks,Yuma,Maxstead,ymaxsteadks@technorati.com,fP3+!%m+uGoJ)
kvandalenkt,Kenneth,Van Dalen,kvandalenkt@sciencedirect.com,sC4!)Kr9K
cwhylerku,Casper,Whyler,cwhylerku@nymag.com,iK4&!42$Ge
escurrahkv,Esra,Scurrah,escurrahkv@mozilla.org,cP6@G#`8Mc#7WsDV
dlangabeerkw,Dorine,Langabeer,dlangabeerkw@mediafire.com,oP9$D}=fDd
kgierekkx,Kassandra,Gierek,kgierekkx@unesco.org,"bO8_h7|QvGgX"","
lashborneky,Licha,Ashborne,lashborneky@webs.com,"xY7#v|N"""
spantrykz,Stephani,Pantry,spantrykz@netvibes.com,bD6{Z4DfA|
djoppichl0,Dwayne,Joppich,djoppichl0@about.com,hL3&Qp?f
jbullickl1,Jennifer,Bullick,jbullickl1@springer.com,uU8&R8Jge
fkeel2,Franciska,Kee,fkeel2@icq.com,pD8%M!Fvi_ICx2R
flapidusl3,Fremont,Lapidus,flapidusl3@i2i.jp,gS4&)\~QsPk
epetreczl4,Elva,Petrecz,epetreczl4@nps.gov,fT9/bep\7u=6WIC+
hborgl5,Heriberto,Borg,hborgl5@ebay.com,rE5#p{cc5lQy
ovelasquezl6,Opalina,Velasquez,ovelasquezl6@printfriendly.com,vH2#KpP/2'
mmordeyl7,Mariquilla,Mordey,mmordeyl7@g.co,dX9&a*D3Eo2
jpetrelluzzil8,Janna,Petrelluzzi,jpetrelluzzil8@berkeley.edu,"eK2,\K6@E8~#O1'"
iscoblel9,Inez,Scoble,iscoblel9@networksolutions.com,oM4<~QvAJGH
ssalsburyla,Shantee,Salsbury,ssalsburyla@hhs.gov,xO0{%f#F*jz_U
eborgarslb,Ellery,Borgars,eborgarslb@paypal.com,gB1&Advu7@'T
ckarlemanlc,Corabelle,Karleman,ckarlemanlc@multiply.com,mO4?mRTu
mwheelerld,Morley,Wheeler,mwheelerld@plala.or.jp,iJ2+9V+l
dsoignele,Daile,Soigne,dsoignele@scientificamerican.com,iF8\eUg)/GhI
kmenlowlf,Keely,Menlow,kmenlowlf@tumblr.com,kJ8{y|JU+D|F0
kobeneylg,Kelly,Obeney,kobeneylg@seesaa.net,"sR1\A""gjT{u"
dmayerslh,Darlene,Mayers,dmayerslh@yellowbook.com,uR9}1uwb$/d/
mpeakmanli,Morgan,Peakman,mpeakmanli@istockphoto.com,rK8>?L_|P>+
skalblj,Sharlene,Kalb,skalblj@smugmug.com,"nB0?tu4O!U""pV"
tlisciardellilk,Thomasa,Lisciardelli,tlisciardellilk@nsw.gov.au,bJ1{Quz#|2/
ksudellll,Ker,Sudell,ksudellll@devhub.com,cV3*zM33|1
riacovazzilm,Rosella,Iacovazzi,riacovazzilm@1und1.de,"cE7(4Y%MT%1dI,y("
ypeagramln,Yetta,Peagram,ypeagramln@facebook.com,"rH9(""Ny2HlGYz"
kcollofflo,Kenna,Colloff,kcollofflo@slideshare.net,eP1=HpfdsG
tcomberlp,Thorsten,Comber,tcomberlp@jiathis.com,"aT9~6AGm,.v"
awasylkiewiczlq,Abbot,Wasylkiewicz,awasylkiewiczlq@typepad.com,xJ6}WF`mA8&n=E9!
vdenylr,Vidovic,Deny,vdenylr@slashdot.org,cW9+4Z+HPQ#U
bstubsls,Buckie,Stubs,bstubsls@angelfire.com,vS7(qMd?x
wondrouseklt,Wendell,Ondrousek,wondrouseklt@elpais.com,bI5=.`{mCdAbl5
ttellenbroklu,Tani,Tellenbrok,ttellenbroklu@wordpress.com,"rR8>cc,'cy4"
bvellenderlv,Bran,Vellender,bvellenderlv@yahoo.com,xP8=F)M13#).
kdanburylw,Katti,Danbury,kdanburylw@cbsnews.com,eN6%o2bOs3A<
vhounihanlx,Vidovik,Hounihan,vhounihanlx@sun.com,nL6/)RI>{fO?G
ddearingly,Dione,Dearing,ddearingly@goo.gl,oW5*zSA{05
ftavernerlz,Fitz,Taverner,ftavernerlz@stanford.edu,fP7.>7*`zyzx$
jcominottim0,Jarrad,Cominotti,jcominottim0@list-manage.com,jS7?cX*0LPSb9l(
hscranedgem1,Hillery,Scranedge,hscranedgem1@i2i.jp,"nF4'<Q@*},"
kklammtm2,Kinnie,Klammt,kklammtm2@marriott.com,gK3|r3zz=&?~3K98
hradfordm3,Haywood,Radford,hradfordm3@upenn.edu,sJ3*w`><cF4Z
scoplandm4,Staci,Copland,scoplandm4@wikispaces.com,cJ8~'B+&LStCW!
roreganm5,Rolando,O'Regan,roreganm5@51.la,"vL4|jVbg&vQ,a,"
tbritianm6,Temple,Britian,tbritianm6@woothemes.com,gQ4<f>Xmd{
bgreensallm7,Burton,Greensall,bgreensallm7@state.gov,gU3=mz#.DBc
dmittenm8,Deane,Mitten,dmittenm8@stanford.edu,eJ0#lMy'B%976
jdurrancem9,Jaymie,Durrance,jdurrancem9@nba.com,fU7=WS/gEzN8i4?U
nfawlteyma,Nanete,Fawltey,nfawlteyma@t-online.de,dG8)<E&E
bcurchermb,Bastian,Curcher,bcurchermb@illinois.edu,pH6_G=L%v(NJR
ahirjakmc,Anetta,Hirjak,ahirjakmc@va.gov,fM1*f<oXZJf%4=
gdillintonmd,Ginelle,Dillinton,gdillintonmd@wikia.com,iC9%tX7F>#
aravilusme,Alexandre,Ravilus,aravilusme@friendfeed.com,"jO3#UKxyS')""LTMd"
mgiovannazzimf,Michelina,Giovannazzi,mgiovannazzimf@epa.gov,aU5{OmtmqB`!=
josseltonmg,Jerrilyn,Osselton,josseltonmg@123-reg.co.uk,bZ2<'CT8#n`Tz_h
mgavaganmh,Mady,Gavagan,mgavaganmh@salon.com,tD9'GYV)
dhubymi,Donica,Huby,dhubymi@altervista.org,fH9%>vF%TipA
hklugmj,Ham,Klug,hklugmj@dedecms.com,"wO0?u""B_MM8"
ustraffonmk,Ursala,Straffon,ustraffonmk@whitehouse.gov,wJ5'n=wjv!v
einmanml,Ewen,Inman,einmanml@google.it,"eF7<7\B#,43f5bU"
bswabymm,Babita,Swaby,bswabymm@blogs.com,oX2_C1a)
roliveymn,Royce,Olivey,roliveymn@zdnet.com,"iD4*~RHsQ,"
wabthorpemo,Wheeler,Abthorpe,wabthorpemo@goo.ne.jp,kH8<*>A#}=p
cdoldermp,Carroll,Dolder,cdoldermp@indiegogo.com,fN5\lP'IH
asynnottmq,Alric,Synnott,asynnottmq@hp.com,oS8}Dfh*nR%f
trosebothammr,Tootsie,Rosebotham,trosebothammr@dyndns.org,lR9(7*?DFhS
amcnabms,Allayne,McNab,amcnabms@examiner.com,"tT5,%?('2"
jspraymt,Jamie,Spray,jspraymt@google.com,"iL9""x0'+.nLk7X"
pbussonsmu,Pooh,Bussons,pbussonsmu@boston.com,gI7_{1{L5y1
rrouthornmv,Rozele,Routhorn,rrouthornmv@histats.com,pL8>i~+L&E_@Fn
mwalaronmw,Michal,Walaron,mwalaronmw@chicagotribune.com,bM2(jK)G
lsapseedmx,Lillis,Sapseed,lsapseedmx@ucoz.com,eZ6!9ZQECorq.&
bgawthropmy,Bjorn,Gawthrop,bgawthropmy@spotify.com,uC7>.3Jy
jtwidlemz,Jonie,Twidle,jtwidlemz@globo.com,zV3$'m@s@Y)uAq
zvolkern0,Zahara,Volker,zvolkern0@theatlantic.com,mE1\#?A*3O~Q_k<l
tpizzien1,Tersina,Pizzie,tpizzien1@linkedin.com,cD8\e=ooLuS8
fpearceyn2,Fowler,Pearcey,fpearceyn2@so-net.ne.jp,rV6`p7lZw5jUEO
fshenfischn3,Fulton,Shenfisch,fshenfischn3@de.vu,"uL3*y1nWM""3bkT'k"
scorstann4,See,Corstan,scorstann4@bing.com,dF2}>W*8.k/_&L
xwardleyn5,Ximenes,Wardley,xwardleyn5@icio.us,wV1)3ewhunDmj
limortn6,Leanna,Imort,limortn6@illinois.edu,fO0`!jq<nR14LWG
vmaccallistern7,Veradis,MacCallister,vmaccallistern7@com.com,wB5`E%j&%tvk=6kQ
halwoodn8,Halette,Alwood,halwoodn8@ca.gov,nO5/<!17E
blewinsn9,Bink,Lewins,blewinsn9@hatena.ne.jp,uY1(Hq.v#qBp7
aduddellna,Arlene,Duddell,aduddellna@joomla.org,"sO8""a6N""H(O"
smcinerneynb,Sylvester,McInerney,smcinerneynb@webeden.co.uk,"bZ2""17w}fp"
bponnsettnc,Biddie,Ponnsett,bponnsettnc@icq.com,bJ0/j%(I
lvargasnd,Leelah,Vargas,lvargasnd@infoseek.co.jp,qD8){0WIKQ
awarrillowne,Albert,Warrillow,awarrillowne@nih.gov,"xT9$Gbf!y""u{'"
hruzeknf,Hermon,Ruzek,hruzeknf@gnu.org,bJ6$mmfCQE0W&a
vkirkamng,Vivie,Kirkam,vkirkamng@stanford.edu,cK6\Zwx'$
mchaplinnh,Mallissa,Chaplin,mchaplinnh@nydailynews.com,qK8#mEU})
ebilstonni,Eduard,Bilston,ebilstonni@wikia.com,pE6!y')luGq
msouchnj,Marillin,Souch,msouchnj@house.gov,"rH1!D""KCjWLgAWT"
pornelasnk,Phineas,Ornelas,pornelasnk@creativecommons.org,"qI8~<3n`,X5c4E%"
crenalsnl,Cully,Renals,crenalsnl@ucsd.edu,wB7_$J&#>I)>Qbc7
elusgdinnm,Emilie,Lusgdin,elusgdinnm@sciencedirect.com,"kQ9+drS,AQ"
flangsdonnn,Fernande,Langsdon,flangsdonnn@cmu.edu,pH1|k*r_|p'
cweskerno,Coral,Wesker,cweskerno@wisc.edu,uI9`|iA{
lstonallnp,Lorrin,Stonall,lstonallnp@moonfruit.com,sZ1@5&C|)gg4V4
bcoltonnq,Britteny,Colton,bcoltonnq@histats.com,wB2&c`?E$NF@Aq
tasselnr,Thaxter,Assel,tasselnr@free.fr,rC4+Ke2Mc7j{\
sbinnens,Shell,Binne,sbinnens@mashable.com,"kO2|9nyc,M4%t$>"
dpickovernt,Dennet,Pickover,dpickovernt@yellowpages.com,cR6&!+*+pOB`jZ
hmcfadenu,Heda,McFade,hmcfadenu@hud.gov,"nC5#""S8azewJ"
dbootynv,Dael,Booty,dbootynv@nasa.gov,xM7!#Hw#H.X
egleasanenw,Emmery,Gleasane,egleasanenw@princeton.edu,"hZ7""~GEH}"
bmacallennx,Birgit,MacAllen,bmacallennx@howstuffworks.com,nA4%HqROq
ccheekeny,Correna,Cheeke,ccheekeny@apache.org,"vI5?2tc,&p}"
pcoonannz,Pincas,Coonan,pcoonannz@vistaprint.com,fW9!8mo1POc(+8
ebenezeo0,Elianore,Beneze,ebenezeo0@technorati.com,pT8.QI_UYsT~/
bstorrocko1,Brana,Storrock,bstorrocko1@xing.com,hN6%Az<*
wkattenhorno2,Wilton,Kattenhorn,wkattenhorno2@digg.com,iM3(id.*>!G
fkillshawo3,Florentia,Killshaw,fkillshawo3@springer.com,xD9*Q6ZcW'vuR2M/
kforseyo4,Kerwin,Forsey,kforseyo4@vk.com,gC0<4st$v(Q
hhairesnapeo5,Hewe,Hairesnape,hhairesnapeo5@people.com.cn,mG3/d6(G}L8u
dmcsheao6,Damien,McShea,dmcsheao6@csmonitor.com,pA7_B?BNoT
bpontero7,Bonnibelle,Ponter,bpontero7@un.org,hX3\1HYum7W8<
bmahoodo8,Brandais,Mahood,bmahoodo8@washington.edu,"jE3/$%m"""""
dturno9,Drusie,Turn,dturno9@noaa.gov,lA0%=2|i
gstreetonoa,Gerti,Streeton,gstreetonoa@ebay.com,mA8/5y#C/
btallowinob,Benjamin,Tallowin,btallowinob@imdb.com,"fJ6,CQ}p'"
uberthotoc,Umeko,Berthot,uberthotoc@desdev.cn,eU3~S=#9eHpVSYW
pjanacekod,Payton,Janacek,pjanacekod@salon.com,"dA9""f+<mc%"
hstorahoe,Howard,Storah,hstorahoe@baidu.com,yD2(aNa_UZj|++
mboycottof,Mabel,Boycott,mboycottof@cargocollective.com,tU0+4zt}E=PQ
mgrolmannog,Merell,Grolmann,mgrolmannog@stumbleupon.com,bF8`UBspia<%F1
churseyoh,Christy,Hursey,churseyoh@jigsy.com,xA0=4I<u`kJj~
chadlandoi,Conn,Hadland,chadlandoi@usnews.com,zR0~Vo$n}lQ3o.ny
gswaislandoj,Gilda,Swaisland,gswaislandoj@guardian.co.uk,iB4.xsI+Txh
dspriggenok,Denys,Spriggen,dspriggenok@google.ru,kV6/i$*<4
jludeeol,Jacquelynn,Ludee,jludeeol@reverbnation.com,"nI3.ln)xK,"
ascarffeom,Agustin,Scarffe,ascarffeom@weibo.com,vG1@/s(.XJ)=jD
jbeggon,Julieta,Begg,jbeggon@parallels.com,tR0=JR}?%N\
sskilloo,Sampson,Skill,sskilloo@blogs.com,"jX3<>O|3>0%=e"""
llogesop,Loraine,Loges,llogesop@biblegateway.com,iJ8/@x%N_&Y
gcantillonoq,Gleda,Cantillon,gcantillonoq@weebly.com,"rS5\E""5hjM"
mkirkhamor,Madelin,Kirkham,mkirkhamor@xing.com,rG5\I9=IX
mstainbridgeos,Melly,Stainbridge,mstainbridgeos@google.it,oQ5/>|a\d$
bvaulkhardot,Bessie,Vaulkhard,bvaulkhardot@usa.gov,wS3/F<FsRd
taberkirdoou,Tiena,Aberkirdo,taberkirdoou@usatoday.com,jP7|'0&gY!X)q
vassonov,Vanya,Asson,vassonov@java.com,cN0)ctrL<J'FQy.h
fhaggarow,Ferdinande,Haggar,fhaggarow@netscape.com,"jF0.,1'rA&"
labadeox,Lexie,Abade,labadeox@about.com,hS9/1jaP
hmeasuresoy,Hatty,Measures,hmeasuresoy@ucla.edu,"bU3)lAZ(T1}I,Z"
acourtmanoz,Avram,Courtman,acourtmanoz@bandcamp.com,"zX8,P2<?iM`i"
orainforthp0,Oralee,Rainforth,orainforthp0@wikispaces.com,gC6+6>b)JZH&?
knestorp1,Keri,Nestor,knestorp1@hostgator.com,bR6>YA)\
ilumpkinp2,Itch,Lumpkin,ilumpkinp2@umich.edu,"cG5""lL*p}KH"
againsburghp3,Allina,Gainsburgh,againsburghp3@godaddy.com,gF5.foChOf%y#SFk
scullingfordp4,Shermy,Cullingford,scullingfordp4@sohu.com,qC2<.(L\
awildorp5,Antonie,Wildor,awildorp5@marketwatch.com,tI2!j&Vp7sn
rgulcp6,Romain,Gulc,rgulcp6@elpais.com,kB1=0\r'
mscotsbrookp7,Marcile,Scotsbrook,mscotsbrookp7@sitemeter.com,wB8$Sv/t
nlorentp8,Natalya,Lorent,nlorentp8@furl.net,iK2><U3&e
pbrayshawp9,Perice,Brayshaw,pbrayshawp9@wordpress.org,iD2!c\{lA
dpineauxpa,Danell,Pineaux,dpineauxpa@google.ru,vV5|@!'WMH5Wr
gdurradpb,Germain,Durrad,gdurradpb@is.gd,bG8{Xxc?aq$j
bmertgenpc,Bondon,Mertgen,bmertgenpc@businesswire.com,"uC2,Xl_i"
tpetronispd,Taddeo,Petronis,tpetronispd@loc.gov,gL1?C$>{3G=g%gyo
rstubleype,Royall,Stubley,rstubleype@homestead.com,fK5~d|.Vib
skinworthypf,Sianna,Kinworthy,skinworthypf@springer.com,"fQ5}Y2?rR(X""9{"
afarthingpg,Amerigo,Farthing,afarthingpg@paypal.com,lP9)>ppZ$=l.
msainsburybrownph,Milka,Sainsbury-Brown,msainsburybrownph@quantcast.com,gD4=cw//
kfellowespi,Kasey,Fellowes,kfellowespi@uol.com.br,gD1)Q_FVtWF\N`G(
cugonipj,Clareta,Ugoni,cugonipj@bandcamp.com,xN7*X|*YsZu0gSLK
ihattopk,Inge,Hatto,ihattopk@csmonitor.com,kI5!Bf/L
vruncimanpl,Vernen,Runciman,vruncimanpl@nymag.com,gM9)R*l(`
kharkinspm,Kerwinn,Harkins,kharkinspm@flavors.me,lJ7&!sVUZK>gp{
hdesantispn,Hugibert,Desantis,hdesantispn@gnu.org,fJ9/z|aV8H
lwelmanpo,Ladonna,Welman,lwelmanpo@oracle.com,qH0'v4j'F
cvuittepp,Corty,Vuitte,cvuittepp@marketwatch.com,tT5\m(Q/l|}
rkillingworthpq,Richmound,Killingworth,rkillingworthpq@friendfeed.com,cV7/u%3%vx9
agaunsonpr,Arney,Gaunson,agaunsonpr@vimeo.com,eT4{sZ0eF*oOnH
thillenps,Tabina,Hillen,thillenps@miitbeian.gov.cn,cL7).C@w
imcfadyenpt,Ignaz,McFadyen,imcfadyenpt@w3.org,xU5<`=.)\\lm_
waleksandrikinpu,Wilone,Aleksandrikin,waleksandrikinpu@plala.or.jp,oS0&p`H&BYwq
hbramptonpv,Hugo,Brampton,hbramptonpv@sphinn.com,zW9+2jk/}X
mdumbreckpw,Maritsa,Dumbreck,mdumbreckpw@dion.ne.jp,lB4&J+*}_=
eshivellpx,Emili,Shivell,eshivellpx@instagram.com,tQ3>\wN!6
dbritianpy,Dalli,Britian,dbritianpy@guardian.co.uk,mS7{&rG!IaTA
mclampinpz,Maxy,Clampin,mclampinpz@edublogs.org,aJ9>?23.
stodarelloq0,Stacy,Todarello,stodarelloq0@sfgate.com,mR4.3L*FCU=
iwallasq1,Ingaberg,Wallas,iwallasq1@4shared.com,rK6_WKrfECbUEA(3
ejanusq2,Eve,Janus,ejanusq2@blog.com,kL9'C.+u/@@.!!
pfeatleyq3,Pegeen,Featley,pfeatleyq3@rambler.ru,aZ7@D?1Cek~o$~k
khapsq4,Kata,Haps,khapsq4@craigslist.org,fH4(!!.l
hshrubshallq5,Herman,Shrubshall,hshrubshallq5@skype.com,"rQ4$vR$G,#!{Qx."
wdanilowiczq6,Walker,Danilowicz,wdanilowiczq6@rediff.com,oG4}3S4&G
dmooneyq7,Dottie,Mooney,dmooneyq7@jiathis.com,eB9~.4bMRep2
mridgesq8,Miguel,Ridges,mridgesq8@is.gd,nQ0.6K=C+U!z
wratrayq9,Worthy,Ratray,wratrayq9@dmoz.org,iD0!`7|.RZ/qACZ
pgravesqa,Perla,Graves,pgravesqa@loc.gov,zZ5%Q8Nc*c
aciscoqb,Arnoldo,Cisco,aciscoqb@weather.com,rV4/'*N0=k
lromerqc,Leonardo,Romer,lromerqc@twitter.com,cZ7>BEU6\Yd>xs
amcadamqd,Alisander,McAdam,amcadamqd@sina.com.cn,dY6!e@uRocD3P@E>
hrotgeqe,Helaine,Rotge,hrotgeqe@nationalgeographic.com,xT1_d}8Wp
htoquetqf,Hagan,Toquet,htoquetqf@google.de,"mQ1%3$,'`U%x(h"
opetrakovqg,Ondrea,Petrakov,opetrakovqg@people.com.cn,qP0>1~3jB*~vC
ocostiqh,Odessa,Costi,ocostiqh@reverbnation.com,zX8&{R)Q5fy$r
avalenciaqi,Adolf,Valencia,avalenciaqi@webeden.co.uk,pM7%6=V?$cu&1*{+
ncotelardqj,Nonnah,Cotelard,ncotelardqj@va.gov,xF4_xpIldKG!
gschiefersteinqk,Giraud,Schieferstein,gschiefersteinqk@microsoft.com,cP8=SM&2)2L!
gallflattql,Gabriel,Allflatt,gallflattql@google.cn,bN7)PTcdV\Mwtjl
oroskellyqm,Onfre,Roskelly,oroskellyqm@gnu.org,kK4{{)D*dnc`u}
bgiottoqn,Bearnard,Giotto,bgiottoqn@quantcast.com,bV3'Yl|G
vmordieqo,Vance,Mordie,vmordieqo@amazonaws.com,xI7=#'E`q~W+rF
hduntonqp,Hanan,Dunton,hduntonqp@examiner.com,oB9_FBf4P\J
kwhenmanqq,Killie,Whenman,kwhenmanqq@guardian.co.uk,jC7@`J\z
bpoonqr,Bev,Poon,bpoonqr@wp.com,wX1\`.4(A><6
acadleqs,Arlyne,Cadle,acadleqs@flickr.com,sB0@h)RDXhTP?
eboggishqt,Emmey,Boggish,eboggishqt@mapy.cz,oW1?8++HV
acoldbreathqu,Aldric,Coldbreath,acoldbreathqu@opera.com,wI0@aF93$t
dkissockqv,Dorian,Kissock,dkissockqv@people.com.cn,dA1)hy4(YAr7
ftitheridgeqw,Filberte,Titheridge,ftitheridgeqw@bigcartel.com,"nQ6""~sv<$.|,&x{"
jaustonqx,Janis,Auston,jaustonqx@hatena.ne.jp,pG4=l(IS>qH
apoulettqy,Agnes,Poulett,apoulettqy@biglobe.ne.jp,eE3`\g0PscoWGMGI
mchevalierqz,Marie,Chevalier,mchevalierqz@youku.com,wD9<B3#mN'
bbrickhamr0,Benjy,Brickham,bbrickhamr0@networkadvertising.org,"rB6%3Cv?oP""h'na"
rvandenoordr1,Ram,Van den Oord,rvandenoordr1@oakley.com,"nJ0\IM""@d3l2{}+Y"
sramshawr2,Sloan,Ramshaw,sramshawr2@army.mil,oN5*TmOvbHg$jjV
ngreensmithr3,Noni,Greensmith,ngreensmithr3@desdev.cn,"zP1,{3(Skvs"
sbarthelemyr4,Sansone,Barthelemy,sbarthelemyr4@fema.gov,hZ1.>.*bQV9VMY
jrigebyr5,Jedidiah,Rigeby,jrigebyr5@tinyurl.com,wD2{W2m&7P
mmantrupr6,Marleen,Mantrup,mmantrupr6@pen.io,eE0%aQSMGSMGcQ
whonniebalr7,Winn,Honniebal,whonniebalr7@naver.com,gB6?}Ye~&bqWKs
dheaker8,Denni,Heake,dheaker8@histats.com,jW7'_sTd}FfT7@
rvangiffenr9,Rachel,Van Giffen,rvangiffenr9@google.it,tC7$|MWUCJ=%X)qT
rwibberleyra,Rob,Wibberley,rwibberleyra@delicious.com,dE0}3=ViEy
kbezzantrb,Kathlin,Bezzant,kbezzantrb@usatoday.com,"qI5'>UtW.""pNEdr"
pyarnleyrc,Paola,Yarnley,pyarnleyrc@comcast.net,aR6<gsr>q
ecamolettord,Elinor,Camoletto,ecamolettord@huffingtonpost.com,yR3.had{
rbucherre,Rhys,Bucher,rbucherre@imageshack.us,"uH7>&ch,{ggal""+R"
tgodarrf,Tressa,Godar,tgodarrf@reference.com,gL8\lr9T2
jmartusovrg,Jacklyn,Martusov,jmartusovrg@etsy.com,vQ8&4%8)@*>1ppnU
wiacabuccirh,Wandie,Iacabucci,wiacabuccirh@cpanel.net,hB5(CPg{<!1
ndavidovitchri,Nanni,Davidovitch,ndavidovitchri@spiegel.de,yA4~EUEL|x
fskentelburyrj,Francesco,Skentelbury,fskentelburyrj@chronoengine.com,cJ0}>Q0Y=>eO
ajaskiewiczrk,Alfreda,Jaskiewicz,ajaskiewiczrk@csmonitor.com,vW8.~cSq/?P
gkunkelrl,Glenn,Kunkel,gkunkelrl@yellowbook.com,dW8@9|Y/B
bgoodsallrm,Britney,Goodsall,bgoodsallrm@google.ru,pF0/rfH*pQ'aM3H
nblaslrn,Nadeen,Blasl,nblaslrn@domainmarket.com,mN4>g)Rq9
tariesro,Tandi,Aries,tariesro@webeden.co.uk,nH3#5mL4
cnutterrp,Clarissa,Nutter,cnutterrp@freewebs.com,dO9&y)U#r0ac
lmulvihillrq,Laughton,Mulvihill,lmulvihillrq@sourceforge.net,yN7{ZBI_I
ggoslandrr,Grethel,Gosland,ggoslandrr@clickbank.net,cS7{&g4CdUVkS
